userID,subscribers,videoviews,channeltype,grade,MonthlyEarnings,YearlyEarnings
T-Series,90194329,65092058996,Music,A++,€635.6K - €10.2M,€7.6M - €122M
SET India,43974122,30601562478,Entertainment,A++,€318.3K - €5.1M,€3.8M - €61.1M
Ryan ToysReview,18664546,28167288987,Entertainment,A+,€140.2K - €2.2M,€1.7M - €26.9M
netd müzik,13295102,28026880244,Music,A++,€123.5K - €2M,€1.5M - €23.7M
Canal KondZilla,47785398,23658901687,Music,A+,€120.4K - €1.9M,€1.4M - €23.1M
Cocomelon - Nursery Rhymes,40551419,22962398422,Education,A++,€567.6K - €9.1M,€6.8M - €109M
Movieclips,23912506,21548229627,Film,A+,€173.4K - €2.8M,€2.1M - €33.3M
PewDiePie,90210848,20772365682,Entertainment,A,€66.9K - €1.1M,€802.3K - €12.8M
El Reino Infantil,20272228,19539301311,Music,A+,€127.7K - €2M,€1.5M - €24.5M
JustinBieberVEVO,33770169,18512334420,Music,A,€21.4K - €342.7K,€257K - €4.1M
Zee TV,25451192,18159686947,Entertainment,A++,€245.2K - €3.9M,€2.9M - €47.1M
KatyPerryVEVO,26319021,17127297666,Music,A,€35.8K - €572.8K,€429.6K - €6.9M
ChuChu TV Nursery Rhymes & Kids…,22624029,16876807897,Education,A,€52.7K - €843K,€632.2K - €10.1M
TaylorSwiftVEVO,27679085,16330049371,Music,A,€26K - €416K,€312K - €5M
Ed Sheeran,37683352,16255758481,Music,A,€50.4K - €807.2K,€605.4K - €9.7M
shakiraVEVO,19412733,15695906119,Music,A,€33.2K - €531.1K,€398.3K - €6.4M
Zee Music Company,33090848,15546938399,Music,A+,€142.5K - €2.3M,€1.7M - €27.4M
TheEllenShow,31338665,15227530790,Entertainment,A,€56.5K - €904.7K,€678.5K - €10.9M
GMM GRAMMY OFFICIAL,15146618,14938355873,Music,A,€50K - €800.4K,€600.3K - €9.6M
BuzzFeedVideo,18609118,14931199045,People,A,€29.3K - €468.8K,€351.6K - €5.6M
WORLDSTARHIPHOP,20094259,13972441230,Music,A,€87.7K - €1.4M,€1.1M - €16.8M
RihannaVEVO,26296627,13769077694,Music,A,€23.9K - €381.7K,€286.3K - €4.6M
[????] ToyPudding TV,22745819,13595988869,Entertainment,A,€54.1K - €865K,€648.7K - €10.4M
5-Minute Crafts,52039165,12853732711,Howto,A+,€124.5K - €2M,€1.5M - €23.9M
EminemVEVO,26338163,12803106901,Music,A,€39.7K - €634.9K,€476.2K - €7.6M
PopularMMOs,16367966,12691886414,Games,A,€23.2K - €371.9K,€278.9K - €4.5M
1theK (????),15776179,12676846395,Music,A,€77.9K - €1.2M,€935.3K - €15M
Maroon5VEVO,15525250,12399957847,Music,A,€57.9K - €926.2K,€694.7K - €11.1M
EnriqueIglesiasVEVO,13678085,11944885789,Music,A,€23.7K - €379.2K,€284.4K - €4.6M
Baby Big Mouth,10677217,11396962817,Entertainment,A,€26.5K - €423.7K,€317.8K - €5.1M
jbalvinVEVO,13910095,11390320927,Music,A,€31.1K - €498K,€373.5K - €6M
ArianaGrandeVevo,18897200,11322822518,Music,A,€85.7K - €1.4M,€1M - €16.5M
Galinha Pintadinha,15946720,11136515492,Film,A,€57.8K - €925.6K,€694.2K - €11.1M
David Guetta,20031301,11099656270,Music,A,€35.9K - €574.7K,€431K - €6.9M
MalumaVEVO,14933802,10945347314,Music,A,€35.2K - €563.8K,€422.8K - €6.8M
CookieSwirlC,11269378,10896443831,Entertainment,A,€49.3K - €789.3K,€592K - €9.5M
The Tonight Show Starring Jimmy…,20323868,10883936623,Comedy,A,€36.6K - €586.1K,€439.6K - €7M
Badabun,37292948,10836102246,Entertainment,A+,€164.9K - €2.6M,€2M - €31.7M
jacksepticeye,21734897,10783296802,Games,A,€24.9K - €398.5K,€298.9K - €4.8M
Speed Records,21662675,10746125458,Music,A+,€106.4K - €1.7M,€1.3M - €20.4M
VanossGaming,24323495,10656216668,Games,A,€25.3K - €404.9K,€303.7K - €4.9M
LuisFonsiVEVO,18382658,10510276244,Music,A,€45.4K - €726.5K,€544.9K - €8.7M
CalvinHarrisVEVO,12659287,10484334924,Music,A,€35.7K - €571.8K,€428.9K - €6.9M
GR6 EXPLODE,22448166,10459994915,Music,A+,€100.3K - €1.6M,€1.2M - €19.3M
Bruno Mars,24296338,10426428760,Music,A,€27.8K - €445.1K,€333.8K - €5.3M
FGTeeV,10585709,10325959397,Games,A,€73.1K - €1.2M,€877.5K - €14M
one31,14617276,10269637865,News,A+,€103.6K - €1.7M,€1.2M - €19.9M
CKN Toys,11789573,10238529566,Entertainment,A,€85K - €1.4M,€1M - €16.3M
Ultra Music,17550409,10203295363,Music,A,€39K - €624.7K,€468.5K - €7.5M
VEGETTA777,26160012,10173166025,Games,A,€26.3K - €421.3K,€316K - €5.1M
???? ???? ????? |…,11613765,10070454598,Music,A,€79.8K - €1.3M,€957.4K - €15.3M
BeyoncéVEVO,13600886,9435564611,Music,A,€21.6K - €346K,€259.5K - €4.2M
Sony Music India,24026890,9396840796,Music,A,€64.5K - €1M,€774.3K - €12.4M
LEGO,7296598,9018121506,Entertainment,A,€26.6K - €426.2K,€319.6K - €5.1M
Trap Nation,25617837,8927735808,Music,A,€39.3K - €628.6K,€471.5K - €7.5M
SonyMusicIndiaVEVO,19905287,8770486131,Music,A+,€91.9K - €1.5M,€1.1M - €17.7M
IGN,11773561,8768337240,Games,A,€19K - €304K,€228K - €3.6M
Coldplay,14069185,8742936888,Music,A,€26.4K - €423K,€317.2K - €5.1M
GRAMMY GOLD OFFICIAL,9662633,8723950969,Music,A,€66.5K - €1.1M,€798.1K - €12.8M
OneDirectionVEVO,23172454,8636687095,Music,A-,€12.2K - €194.4K,€145.8K - €2.3M
Wiz Khalifa,17758541,8613983011,Music,A,€18.6K - €298.1K,€223.6K - €3.6M
Atlantic Records,9315553,8606169883,Music,A,€31.8K - €508.7K,€381.5K - €6.1M
ChainsmokersVEVO,12230955,8369816932,Music,A,€30.4K - €486.1K,€364.6K - €5.8M
Smosh,24168806,8253579897,Comedy,A,€17.7K - €282.6K,€212K - €3.4M
AdeleVEVO,16064917,8007732868,Music,A,€18.7K - €299.9K,€224.9K - €3.6M
Like Nastya Vlog,20260198,7912134752,People,A++,€244.4K - €3.9M,€2.9M - €46.9M
ChrisBrownVEVO,12594266,7851432573,Music,A,€19.8K - €316.1K,€237.1K - €3.8M
rezendeevil,22756174,7836859636,Entertainment,A,€27.8K - €444.6K,€333.5K - €5.3M
Pinkfong! Kids' Songs & Stories,16508092,7821768922,Education,A,€74.5K - €1.2M,€893.9K - €14.3M
Turma da Mônica,10352767,7767832256,Film,A,€31.8K - €508.8K,€381.6K - €6.1M
DisneyMusicVEVO,12020991,7715627755,Music,A,€29.4K - €471K,€353.2K - €5.7M
PitbullVEVO,10041885,7708820681,Music,A-,€11.8K - €188.2K,€141.2K - €2.3M
RomeoSantosVEVO,9128539,7674389173,Music,A,€22.5K - €360.4K,€270.3K - €4.3M
BillionSurpriseToys - Nursery…,22438752,7634457490,Education,A,€69.7K - €1.1M,€836.4K - €13.4M
T-Series Apna Punjab,15435070,7592067313,Music,A+,€85.9K - €1.4M,€1M - €16.5M
SiaVEVO,10420764,7508859092,Music,A,€24.7K - €394.8K,€296.1K - €4.7M
TheWeekndVEVO,11221952,7483201040,Music,A,€24K - €383.8K,€287.9K - €4.6M
Dude Perfect,40202277,7453264532,Sports,A,€46.5K - €743.3K,€557.5K - €8.9M
Jimmy Kimmel Live,13928957,7342879069,Entertainment,A+,€59.4K - €951.2K,€713.4K - €11.4M
??????,3900208,7302606178,Film,A,€23.5K - €376.1K,€282.1K - €4.5M
Britain's Got Talent,11963008,7163769327,Entertainment,A,€15.2K - €242.8K,€182.1K - €2.9M
officialpsy,12688042,7162519132,Music,B+,€9.5K - €151.7K,€113.8K - €1.8M
Tips Official,17202428,7083476857,Music,A+,€85.6K - €1.4M,€1M - €16.4M
Daddy Yankee,20111083,7077962964,Music,A+,€91.8K - €1.5M,€1.1M - €17.6M
Sandaroo Kids [DisneyCarToys],6247439,7051529575,Entertainment,B+,€0 - €0,€0 - €0
SelenaGomezVEVO,15472807,7029167647,Music,A-,€14.2K - €227.6K,€170.7K - €2.7M
stampylonghead,9034712,6953824807,Games,B+,€5.5K - €88.3K,€66.2K - €1.1M
avex,4608695,6933784660,Music,A,€26.3K - €420K,€315K - €5M
Toy Freaks,8547801,6933735324,Entertainment,D-,€63.6K - €1M,€762.9K - €12.2M
Linkin Park,13733988,6895889144,Music,A,€25.3K - €404.4K,€303.3K - €4.9M
Fernanfloo,32393658,6867760534,Games,A,€17.4K - €278.7K,€209K - €3.3M
? Kids Diana Show,21887636,6783279009,Entertainment,A+,€131.5K - €2.1M,€1.6M - €25.3M
LadyGagaVEVO,9363430,6766939514,Music,A,€73.1K - €1.2M,€877.2K - €14M
T-Series Bhakti Sagar,17245661,6757736729,Music,A,€80.7K - €1.3M,€969K - €15.5M
Inside Edition,5748635,6751659314,News,A,€54.6K - €873.4K,€655K - €10.5M
Webs & Tiaras - Toy Monster…,7203358,6727576995,Entertainment,A,€55.5K - €888.6K,€666.5K - €10.7M
Mister Max,12035339,6681276966,Entertainment,A,€34.4K - €550.4K,€412.8K - €6.6M
AuthenticGames,16711960,6661227552,Games,A,€18.3K - €292.9K,€219.7K - €3.5M
ImagineDragonsVEVO,10541195,6626682774,Music,A,€43.2K - €690.9K,€518.2K - €8.3M
Shemaroo,14880123,6593000190,Entertainment,A,€31.7K - €506.7K,€380K - €6.1M
Miss Katy,12950496,6548966849,People,A,€40.6K - €649.5K,€487.1K - €7.8M
Rajshri,12372807,6475172193,Entertainment,A,€66K - €1.1M,€791.4K - €12.7M
La Granja de Zenón,12502970,6457630562,Music,A,€63.5K - €1M,€762K - €12.2M
michaeljacksonVEVO,8431950,6443897809,Music,A,€27.2K - €434.7K,€326.1K - €5.2M
POPS Kids,6994984,6426026036,Music,A,€55.1K - €882.3K,€661.7K - €10.6M
Totoykids,13419188,6421641381,Film,A,€38.8K - €620.6K,€465.5K - €7.4M
Major Lazer,11960967,6332458550,Music,A-,€13.3K - €212.6K,€159.4K - €2.6M
NickiMinajAtVEVO,13373424,6319522951,Music,A-,€15.3K - €244.9K,€183.6K - €2.9M
Felipe Neto,31355944,6316964355,Entertainment,A,€61.1K - €977.4K,€733.1K - €11.7M
Mother Goose Club,4995299,6245719862,Education,B+,€9.9K - €158.1K,€118.6K - €1.9M
POPS MUSIC,6440194,6216843970,Music,A,€0 - €0,€0 - €0
Gaane Sune Ansune,13695665,6189181644,Music,A,€76.2K - €1.2M,€914.6K - €14.6M
MBCentertainment,5258229,6170325824,Entertainment,A,€39.5K - €632.3K,€474.2K - €7.6M
HobbyKidsTV,3387725,6152316395,Entertainment,A-,€11.6K - €185.8K,€139.3K - €2.2M
JenniferLopezVEVO,7305445,6125548499,Music,A-,€15.8K - €253.1K,€189.9K - €3M
KBS World TV,9274379,6123590528,Entertainment,D-,€0 - €0,€0 - €0
AviciiOfficialVEVO,11502641,6093727950,Music,A,€18.3K - €293.4K,€220K - €3.5M
Kids TV - Nursery Rhymes And Baby…,11790536,6085214571,Education,A,€25.1K - €401.4K,€301K - €4.8M
Mejores Juguetes,9944494,6065700772,Entertainment,A-,€11.2K - €179.2K,€134.4K - €2.1M
DisneyJuniorUK,5174658,6054122416,Entertainment,A,€23.6K - €377.7K,€283.3K - €4.5M
Henrique e Juliano,9078492,6037145838,Music,A,€26.6K - €425.4K,€319.1K - €5.1M
Alan Walker,22328931,5981936573,Music,A,€39K - €623.8K,€467.8K - €7.5M
Saturday Night Live,7719323,5980336541,Entertainment,A,€46.4K - €741.7K,€556.3K - €8.9M
SQUEEZIE,12707790,5957614293,Comedy,A,€23K - €368.2K,€276.1K - €4.4M
NoCopyrightSounds,21123917,5882394358,Music,A,€35.2K - €563.6K,€422.7K - €6.8M
Toys and Colors,10130333,5845968274,Education,A+,€160.4K - €2.6M,€1.9M - €30.8M
Vlad and Nikita,17152376,5794310671,,A++,€286.8K - €4.6M,€3.4M - €55.1M
ShawnMendesVEVO,11362955,5782256538,Music,A,€20.8K - €333.5K,€250.1K - €4M
Rooster Teeth,9601284,5781253248,Film,B+,€5.3K - €84.8K,€63.6K - €1M
HikakinTV,7176791,5705455718,Entertainment,A,€18.5K - €296.5K,€222.4K - €3.6M
FifthHarmonyVEVO,10272988,5671582684,Music,A-,€11.1K - €177.5K,€133.2K - €2.1M
The Late Late Show with James…,18712067,5655145610,Entertainment,A,€51.2K - €818.8K,€614.1K - €9.8M
MeghanTrainorVEVO,8709570,5605162348,Music,B+,€10.6K - €169.9K,€127.4K - €2M
Charlie Puth,14350082,5557472891,Music,A,€18.7K - €299.5K,€224.6K - €3.6M
Kan & Aki's…,2607947,5549281627,People,A,€17.7K - €283.8K,€212.8K - €3.4M
Jake Paul,18261239,5546768762,People,A,€24.9K - €399.1K,€299.3K - €4.8M
BBC,5961330,5444757320,Entertainment,A,€18.4K - €294.2K,€220.7K - €3.5M
NBA,10970510,5441227061,Sports,A,€20.5K - €328.1K,€246.1K - €3.9M
Cat Music,5560747,5432940514,Music,A-,€16.1K - €258.2K,€193.6K - €3.1M
Guava Juice,13287141,5408380452,Entertainment,A,€24.6K - €392.9K,€294.7K - €4.7M
DrakeVEVO,9847130,5393202533,Music,A-,€13.7K - €218.9K,€164.2K - €2.6M
TheWillyrex,15437444,5386089079,Games,B+,€10.6K - €168.9K,€126.7K - €2M
MattyBRaps,11534777,5339679100,Music,A-,€17K - €272K,€204K - €3.3M
Gallina Pintadita,7075093,5307305553,Music,A,€17.6K - €281.2K,€210.9K - €3.4M
Marshmello,31451636,5276196776,Music,A,€86.1K - €1.4M,€1M - €16.5M
Good Mythical Morning,15166128,5245376926,Entertainment,A,€21.1K - €337.4K,€253K - €4M
Pina Records,8982049,5167577424,Music,A-,€14.3K - €229.3K,€172K - €2.8M
BIGBANG,10991647,5144986591,Music,A-,€13.5K - €215.7K,€161.8K - €2.6M
Just4fun290,3023082,5140528956,Entertainment,A-,€11.9K - €191.1K,€143.3K - €2.3M
FailArmy,14530319,5121440535,Comedy,B+,€9.7K - €155.8K,€116.9K - €1.9M
Hear This Music,10423510,5068933785,Music,A,€22.6K - €362K,€271.5K - €4.3M
Mother Goose Club Playhouse,3500462,5024919953,Education,A,€18.9K - €301.8K,€226.3K - €3.6M
Roman Atwood Vlogs,15211605,4986685809,People,B,€3.6K - €57.9K,€43.5K - €695.2K
Skrillex,18597928,4978843432,Music,B+,€8.4K - €134K,€100.5K - €1.6M
Vijay Television,8205070,4921286321,Entertainment,A,€38.9K - €622.8K,€467.1K - €7.5M
ibighit,22089490,4918936986,Music,A,€56.7K - €907.4K,€680.6K - €10.9M
BLACKPINK,20177528,4916071565,People,A,€62.6K - €1M,€751.1K - €12M
Vat19,6013769,4914856519,Entertainment,A,€18.1K - €289.7K,€217.3K - €3.5M
ThaiCh8 : ???? 8,6966010,4883051604,Entertainment,A,€35K - €560.6K,€420.4K - €6.7M
shane,21245806,4860084042,Comedy,A,€22.3K - €356.9K,€267.7K - €4.3M
Wave Music - Bhojpuri,8828983,4832938018,Music,A,€59.2K - €947.4K,€710.5K - €11.4M
CNCOVEVO,6126871,4802126445,Music,A-,€19.9K - €319K,€239.2K - €3.8M
Come Play With Me,5139177,4790785220,Entertainment,A,€40.5K - €648.4K,€486.3K - €7.8M
Kontor.TV,5005358,4785670468,Music,B+,€8.3K - €132K,€99K - €1.6M
Nick Jr.,5774053,4773676064,Film,A,€80.8K - €1.3M,€969.9K - €15.5M
POCOYO en ESPAÑOL - Canal Oficial,6087746,4757700429,Film,A-,€14.3K - €229K,€171.7K - €2.7M
Toys Unlimited,7128671,4744291145,Film,A,€20.3K - €325.5K,€244.1K - €3.9M
BeckyGVEVO,6585382,4739073510,Music,A,€30.9K - €493.8K,€370.4K - €5.9M
SamSmithWorldVEVO,6861370,4732044210,Music,A,€29.4K - €470.4K,€352.8K - €5.6M
KSI,20108741,4730806918,Entertainment,B+,€5.6K - €89.8K,€67.4K - €1.1M
BritneySpearsVEVO,5172717,4716764139,Music,B+,€10.1K - €161.6K,€121.2K - €1.9M
GameGrumps,5018039,4705761755,Games,A-,€12.7K - €203.3K,€152.5K - €2.4M
Clean Bandit,7526939,4703301071,Music,A,€27.4K - €438.7K,€329K - €5.3M
Barcroft TV,6312170,4696210732,News,A,€19.4K - €310.2K,€232.6K - €3.7M
EllieGouldingVEVO,8028317,4690428500,Music,A-,€12.8K - €205.6K,€154.2K - €2.5M
Lizos Music,4252533,4648910356,Music,A,€35.2K - €563.4K,€422.5K - €6.8M
RedeTV,7534302,4641981943,Entertainment,A,€38K - €607.5K,€455.6K - €7.3M
Venus,12714512,4638834462,Music,A,€63.8K - €1M,€765.7K - €12.3M
The Young Turks,4287150,4638309243,News,B+,€6.8K - €108.7K,€81.5K - €1.3M
Wow Kidz,7612209,4619595214,Entertainment,A,€35.5K - €567.5K,€425.6K - €6.8M
DCTC Toy Channel,8471758,4614016405,Entertainment,B-,€269 - €4.3K,€3.2K - €51.7K
BuzzFeed Multiplayer,9494565,4611460910,People,A-,€14.7K - €235.5K,€176.7K - €2.8M
MrSuicideSheep,11320668,4592996116,Entertainment,A,€20.7K - €330.5K,€247.9K - €4M
SonyMusicSouthVEVO,6283352,4580706035,Music,A,€44.1K - €705.3K,€528.9K - €8.5M
Toy Trains 4u,3356103,4565950046,Entertainment,B+,€6.8K - €109.3K,€81.9K - €1.3M
Boyce Avenue,12514257,4554939304,Music,A-,€11.8K - €188.8K,€141.6K - €2.3M
RickyMartinVEVO,4156487,4546010057,Music,B+,€8.8K - €140.7K,€105.5K - €1.7M
NaoFun Toys,11248643,4516644393,Entertainment,A-,€15.9K - €254.5K,€190.9K - €3.1M
The Late Show with Stephen Colbert,5970508,4476736602,Entertainment,A,€33K - €528.2K,€396.1K - €6.3M
ArkivaShqip,2962535,4468312468,Entertainment,A-,€15.3K - €244.5K,€183.3K - €2.9M
PinkVEVO,7552692,4456882270,Music,A-,€13.4K - €215K,€161.2K - €2.6M
Enes Batur,9877893,4442338287,Games,A,€26.4K - €421.6K,€316.2K - €5.1M
CNN,6348189,4432855144,News,A,€31.5K - €503.2K,€377.4K - €6M
Volga Video,8500150,4430519861,Entertainment,A,€35K - €559.3K,€419.5K - €6.7M
Mr Bean,12487018,4426076529,Comedy,A,€20.3K - €325.4K,€244K - €3.9M
Power Rangers Official,4476806,4420185341,Entertainment,A,€33.7K - €538.5K,€403.9K - €6.5M
MBCkpop,6170623,4417266059,Music,A,€18.1K - €289.1K,€216.8K - €3.5M
BRIGHT SIDE,24547659,4413453709,Howto,A,€40.3K - €644.5K,€483.4K - €7.7M
toyorbabytv,7076638,4411897819,Music,A,€25.8K - €413.1K,€309.8K - €5M
SSundee,10921694,4410580310,Games,B+,€17.1K - €273.5K,€205.1K - €3.3M
Ali-A,16234127,4407686804,Games,A,€21K - €336.6K,€252.4K - €4M
packattack04082,3404267,4406976341,Games,A-,€14.4K - €231K,€173.3K - €2.8M
DemiLovatoVEVO,12004905,4403928924,Music,B+,€6.7K - €107.7K,€80.8K - €1.3M
HaAshVEVO,4130841,4328722706,Music,A,€20.7K - €331K,€248.2K - €4M
Logan Paul Vlogs,18850921,4305096047,Entertainment,A-,€13.5K - €215.9K,€161.9K - €2.6M
OneRepublicVEVO,5922050,4304731577,Music,A-,€10.2K - €162.6K,€121.9K - €2M
ETV Jabardasth,4719652,4290216700,People,A,€50.5K - €808K,€606K - €9.7M
Hasbro,3309373,4285818497,Film,A,€18.8K - €301.1K,€225.8K - €3.6M
Genevieve's Playhouse - Toy…,9395470,4266723948,Film,A,€43.5K - €696.3K,€522.2K - €8.4M
Bad Bunny,16826524,4252888497,Music,A,€70.5K - €1.1M,€846.1K - €13.5M
prenses elif,2809812,4214327577,Film,A,€16K - €255.6K,€191.7K - €3.1M
David Dobrik,11556003,4208248860,People,A,€43.2K - €690.7K,€518K - €8.3M
Ryan's Family Review,3674171,4196852347,Entertainment,A,€43.5K - €695.6K,€521.7K - €8.3M
GMM25Thailand,6091351,4175321783,Entertainment,A,€29.9K - €479.2K,€359.4K - €5.8M
Jorge & Mateus Oficial,8717243,4157365037,Music,A-,€14.5K - €232.7K,€174.5K - €2.8M
Wesley Safadão,9012946,4156964419,Music,A-,€14K - €223.3K,€167.5K - €2.7M
Talking Tom,9210068,4130075690,Comedy,A,€29.1K - €465.7K,€349.3K - €5.6M
littlemixVEVO,8261407,4128016422,Music,A,€20K - €320.1K,€240K - €3.8M
BlackEyedPeasVEVO,4045411,4126361466,Music,B+,€9.6K - €153.6K,€115.2K - €1.8M
Worldwide Records Bhojpuri,8753731,4109470235,Music,A,€48.9K - €781.6K,€586.2K - €9.4M
Bounce Patrol Kids,7037623,4091329427,Music,A,€60.7K - €970.6K,€727.9K - €11.6M
GunsNRosesVEVO,4872111,4080829766,Music,A-,€16.4K - €262.7K,€197K - €3.2M
Aaj Tak,16323633,4076110688,News,A,€81.5K - €1.3M,€977.9K - €15.6M
Wassabi,11353926,4037071898,Entertainment,B+,€5.5K - €88.5K,€66.4K - €1.1M
ABS-CBN News,5731964,4020107670,News,A,€22.2K - €355.3K,€266.5K - €4.3M
DEL Records,5956204,4009895505,Music,A,€0 - €0,€0 - €0
Toy Genie Surprises - Learning…,6349481,3997244581,Entertainment,A,€18.3K - €293K,€219.8K - €3.5M
Angry Birds,2930881,3983118129,Games,A-,€11.9K - €191.1K,€143.4K - €2.3M
YOGSCAST Lewis & Simon,7235884,3966262779,Games,B+,€3.7K - €59.6K,€44.7K - €715.6K
Cia. Daniel Saboya,13932226,3952744270,Music,A-,€14.7K - €235.1K,€176.3K - €2.8M
theRadBrad,10076729,3951564396,Games,A-,€11.2K - €179K,€134.2K - €2.1M
Mnet Official,5549949,3928880703,Entertainment,A,€33.8K - €540.5K,€405.4K - €6.5M
DreamWorksTV,5354660,3908675202,Film,A,€28.9K - €461.8K,€346.4K - €5.5M
Mazhavil Manorama,4828780,3905792296,Entertainment,A,€54.8K - €877K,€657.8K - €10.5M
JessieJVEVO,6885233,3883516465,Music,B+,€8K - €128.4K,€96.3K - €1.5M
Kwebbelkop,10286445,3869821514,Games,A,€26.3K - €420.7K,€315.5K - €5M
justintimberlakeVEVO,6676083,3862217848,Music,A-,€11.2K - €179.7K,€134.8K - €2.2M
MarkRonsonVEVO,3918264,3843201400,Music,B+,€11.9K - €190.6K,€143K - €2.3M
ToysToSee,5826591,3842332315,Entertainment,D-,€0 - €0,€0 - €0
HolaSoyGerman.,38503519,3842065134,Entertainment,B+,€7.2K - €114.6K,€85.9K - €1.4M
EvanTubeHD,6168643,3813114197,Entertainment,B+,€6.9K - €109.7K,€82.3K - €1.3M
???(Pororo),2870481,3810697736,Film,A,€33.1K - €528.8K,€396.6K - €6.3M
HikakinGames,4143510,3803181863,Games,A-,€13.3K - €213.3K,€160K - €2.6M
50CentVEVO,4666433,3801781902,Music,A-,€11.8K - €189.2K,€141.9K - €2.3M
Troom Troom,12406280,3791836633,Howto,A,€49.3K - €788.5K,€591.4K - €9.5M
Poll Production,2620993,3786079465,Music,A-,€16.1K - €257.7K,€193.3K - €3.1M
Sky Does Everything,11601707,3783345590,Games,B,€541 - €8.7K,€6.5K - €103.9K
DJSnakeVEVO,6693805,3781024273,Music,A,€34.2K - €546.5K,€409.9K - €6.6M
Stacy Toys,12275551,3775511965,,A,€56.4K - €902.2K,€676.7K - €10.8M
TazerCraft,11047969,3753748206,Games,B+,€6.5K - €103.8K,€77.8K - €1.2M
RemexMusic,4561878,3738115768,Music,A-,€12.4K - €198.6K,€148.9K - €2.4M
AMARIN TVHD,4791573,3731915098,News,A,€34.4K - €551.1K,€413.3K - €6.6M
IDJVideos.TV,2718527,3721434012,Entertainment,A,€11.8K - €188.6K,€141.5K - €2.3M
DisneyChannelUK,3734311,3686708261,Entertainment,A-,€16.4K - €263.1K,€197.3K - €3.2M
AvrilLavigneVEVO,7163364,3669539717,Music,B+,€7.7K - €122.5K,€91.9K - €1.5M
MEGA Oficial,5174889,3662464790,Entertainment,A,€25.4K - €405.8K,€304.4K - €4.9M
Morphle TV,4884267,3656246623,Entertainment,A,€21.4K - €342.9K,€257.2K - €4.1M
AWESMR kids,5136956,3654711405,Entertainment,A-,€11K - €176.2K,€132.2K - €2.1M
Like Nastya,12290238,3643164469,Entertainment,A,€31.5K - €503.8K,€377.8K - €6M
Haryanvi Maina,8031424,3622483376,Music,A,€25.3K - €404.2K,€303.1K - €4.9M
KidsTV123,3098956,3622282725,Education,B+,€7.5K - €119.4K,€89.5K - €1.4M
RCTI - LAYAR DRAMA INDONESIA,4444830,3611894825,Entertainment,A,€39.8K - €636.8K,€477.6K - €7.6M
DonOmarVEVO,3991884,3600298775,Music,B+,€9.4K - €149.6K,€112.2K - €1.8M
Zee Bangla,4791209,3599591824,Entertainment,A,€41.4K - €663.1K,€497.3K - €8M
wisinofficalVEVO,4523687,3591141769,Music,B+,€7.7K - €122.6K,€92K - €1.5M
MariahCareyVEVO,3258672,3588989043,Music,B+,€9.6K - €153.3K,€114.9K - €1.8M
Bratayley,7143514,3588704240,People,B,€3.1K - €48.8K,€36.6K - €585.9K
reikVEVO,3644775,3587606940,Music,A-,€17.3K - €277.2K,€207.9K - €3.3M
Reaction Time,12181503,3580937652,Entertainment,A,€19.8K - €316.6K,€237.4K - €3.8M
MBC ???,5664537,3563328985,Entertainment,A,€24.1K - €385K,€288.8K - €4.6M
Warner Music Italy,3792058,3560276544,Music,A,€20.7K - €331.5K,€248.6K - €4M
??????,4253010,3551492765,Comedy,A,€31.5K - €504K,€378K - €6M
Deji,9743169,3544564120,Music,B+,€4K - €63.3K,€47.5K - €759.8K
Eurovision Song Contest,2592236,3536983085,Entertainment,A,€13.9K - €222.2K,€166.7K - €2.7M
iTownGamePlay *Terror&Diversión*,11472890,3533147798,Entertainment,B+,€4.8K - €76.1K,€57.1K - €913.3K
Indosiar,5969150,3527384532,Entertainment,A,€55K - €880.2K,€660.1K - €10.6M
DrossRotzank,16776543,3512117238,Entertainment,A-,€17.3K - €276.6K,€207.5K - €3.3M
MileyCyrusVEVO,10712918,3501049120,Music,B+,€5.2K - €83.6K,€62.7K - €1M
AM3NlC,12478691,3494078927,People,A-,€10.5K - €167.6K,€125.7K - €2M
Sonotek,10241126,3490161467,Music,A,€31.3K - €500.2K,€375.2K - €6M
LMFAOVEVO,6694250,3490049018,Music,B+,€5.6K - €88.9K,€66.7K - €1.1M
MBC GROUP,6210589,3472960320,Entertainment,A-,€13.4K - €214K,€160.5K - €2.6M
REACT,10916568,3472328247,Entertainment,A-,€12.8K - €205.2K,€153.9K - €2.5M
Tayo the Little Bus,3809030,3460148268,Film,A-,€13K - €208.4K,€156.3K - €2.5M
LosPolinesios,18360676,3456300786,People,A,€22.1K - €354.4K,€265.8K - €4.3M
Lucas and Marcus,14977125,3455199927,Entertainment,A,€29.2K - €467.5K,€350.6K - €5.6M
atv,3811144,3451400021,Entertainment,A,€0 - €0,€0 - €0
Willyrex,14280039,3442159724,Games,A-,€17.9K - €285.8K,€214.4K - €3.4M
Anitta,11503784,3438091236,Music,A,€24.6K - €393.5K,€295.2K - €4.7M
Kids Channel - Cartoon Videos for…,3971900,3432664962,Education,B+,€6.6K - €105.6K,€79.2K - €1.3M
BonJoviVEVO,2993196,3392811961,Music,A-,€11.1K - €177.4K,€133K - €2.1M
And TV,4518587,3389730450,Entertainment,A,€55.1K - €881.1K,€660.8K - €10.6M
welovekamikaze,6905909,3384442995,Entertainment,B+,€8.9K - €142.4K,€106.8K - €1.7M
Toys And Little Gaby,10342232,3382538681,Entertainment,A+,€100.5K - €1.6M,€1.2M - €19.3M
Dua Lipa,10195886,3377791383,Music,A,€21.3K - €340.9K,€255.7K - €4.1M
Macklemore LLC,6956889,3370733863,Music,B+,€8.3K - €132.2K,€99.1K - €1.6M
CarlosVivesVEVO,3264212,3361937796,Music,A,€16.9K - €270.6K,€202.9K - €3.2M
1MILLION Dance Studio,14578228,3359277255,Entertainment,A,€28K - €447.2K,€335.4K - €5.4M
SIS vs BRO,8868882,3352378047,Entertainment,A,€25.8K - €413.1K,€309.8K - €5M
ARY Digital,6686955,3347126612,Entertainment,A,€55.7K - €890.6K,€668K - €10.7M
Las Ratitas,11943048,3345860579,People,A,€78K - €1.2M,€935.6K - €15M
CamilaCabelloVEVO,5551590,3331173371,,B+,€12.5K - €199.4K,€149.5K - €2.4M
CaptainSparklez,10014403,3327976251,Games,B+,€2.9K - €46.4K,€34.8K - €557.1K
Red Hot Chili Peppers,4337878,3314536526,Music,A-,€15.2K - €243.9K,€182.9K - €2.9M
Chotoonz TV - Funny Cartoons for…,4696272,3296140754,Film,A,€30.5K - €488.5K,€366.4K - €5.9M
EeOneGuy,14155297,3290062119,Entertainment,B+,€4.1K - €65.3K,€49K - €783.6K
Erlania e Valentina,12662629,3289752902,Film,A,€40.7K - €651.8K,€488.9K - €7.8M
Yippee Toys,7693745,3282841156,Entertainment,B+,€3.6K - €57.8K,€43.4K - €693.9K
Rclbeauty101,14043917,3278246970,Comedy,B+,€6.8K - €108.8K,€81.6K - €1.3M
Thairath,5519153,3275830873,News,A,€24.1K - €386.1K,€289.5K - €4.6M
SebastianYatraVEVO,2857305,3269659349,Music,A,€43.2K - €691.5K,€518.6K - €8.3M
kevingatesTV,4708305,3268181852,Music,A-,€16.6K - €265.4K,€199K - €3.2M
Th? Nguy?n,5889157,3267324159,People,A,€27.5K - €440.4K,€330.3K - €5.3M
???????????,9503448,3251708017,Entertainment,A,€30.9K - €494.8K,€371.1K - €5.9M
Daily Bumps,4493694,3248827117,People,B+,€9.6K - €154.4K,€115.8K - €1.9M
acdcVEVO,3152676,3237890077,Music,A,€18.8K - €301.1K,€225.8K - €3.6M
Bart Baker,10079249,3237073434,Comedy,B+,€2.7K - €43.7K,€32.8K - €524.1K
zbing z.,8494739,3236417476,Games,A,€19.8K - €316.1K,€237.1K - €3.8M
Maiara e Maraisa,5430939,3233289482,Music,A-,€8K - €128.2K,€96.1K - €1.5M
PrinceRoyceVEVO,6001788,3226617503,Music,B+,€9K - €143.9K,€108K - €1.7M
??????????? ?????…,4210939,3217123449,Comedy,A-,€11.3K - €181.2K,€135.9K - €2.2M
MBC THE VOICE KIDS,5172138,3211911864,Entertainment,A-,€10.4K - €165.9K,€124.4K - €2M
Dave and Ava - Nursery Rhymes and…,5647907,3205693115,Education,A,€19.6K - €313.9K,€235.4K - €3.8M
RaeSremmurdVEVO,5630268,3198561704,Music,B+,€7K - €111.7K,€83.8K - €1.3M
Dr. Phil,4082442,3194196538,Entertainment,A,€27.4K - €437.9K,€328.4K - €5.3M
The Key of Awesome,5473407,3188785111,Comedy,B,€1.5K - €23.5K,€17.6K - €281.7K
Swan The Voice - Néo & Swan,3720959,3185727138,Entertainment,A,€20.9K - €334.4K,€250.8K - €4M
infobells - Telugu,6456428,3182736946,Education,A,€32.5K - €520K,€390K - €6.2M
TEDx Talks,17651308,3170930713,Nonprofit,A,€17.8K - €284.3K,€213.2K - €3.4M
Official Pink Panther,6186074,3159719282,Film,A,€24K - €384.7K,€288.5K - €4.6M
ABP NEWS,11820271,3157711048,News,A,€43.2K - €690.8K,€518.1K - €8.3M
El Reino a Jugar,6773091,3148117315,Education,A,€46.5K - €744.4K,€558.3K - €8.9M
FutureVEVO,4674875,3129129328,Music,A-,€14K - €224.6K,€168.4K - €2.7M
Collins Key,17336317,3127029394,Entertainment,A,€25.8K - €412.1K,€309.1K - €4.9M
Emily Tube,9452393,3116798870,Entertainment,A,€23.8K - €380.2K,€285.1K - €4.6M
FARRUKOVEVO,5991712,3116519712,Music,B+,€7.7K - €122.7K,€92K - €1.5M
Warner Music México,2424306,3102539212,Music,A-,€13.2K - €211.3K,€158.5K - €2.5M
KarolGVEVO,3613190,3099470472,Music,A,€31.8K - €508.8K,€381.6K - €6.1M
Nickelodeon,5599503,3094757886,Entertainment,D-,€0 - €0,€0 - €0
ERB,14399322,3093566197,Entertainment,B+,€4.2K - €67.3K,€50.5K - €808.1K
DJKhaledVEVO,5293311,3090245854,Music,B+,€9.7K - €154.8K,€116.1K - €1.9M
FitDance,9929078,3087162803,Music,A,€20.2K - €323K,€242.2K - €3.9M
ThaliaVEVO,2336584,3071397437,Music,A,€18.7K - €299.3K,€224.4K - €3.6M
JennaMarbles,19401558,3070410584,Comedy,A-,€12.5K - €200.5K,€150.4K - €2.4M
TLC,3873302,3056095258,Entertainment,A,€20.4K - €327K,€245.3K - €3.9M
WisinYYandelVEVO,3013068,3050477783,Music,A,€28.2K - €450.5K,€337.9K - €5.4M
PostMaloneVEVO,4110258,3047452919,Music,A,€39.6K - €634.1K,€475.5K - €7.6M
Zee Marathi,4001160,3042155906,Entertainment,A,€30.5K - €488.6K,€366.5K - €5.9M
Disney UK,3895398,3041123185,Film,B+,€10.2K - €162.5K,€121.9K - €2M
Caso Cerrado,5407901,3035383560,Entertainment,A,€27.3K - €437.4K,€328K - €5.2M
FROST,8030085,3028278630,Games,B+,€3.3K - €53.1K,€39.8K - €637.3K
Ray,9820543,3011144901,Comedy,D-,€0 - €0,€0 - €0
JuanGabrielVEVO,3217080,3009560856,Music,B+,€10.4K - €165.7K,€124.2K - €2M
IISuperwomanII,14516149,2999789626,Comedy,B+,€5.5K - €88.4K,€66.3K - €1.1M
White Hill Music,8574194,2992718484,Music,A,€30.9K - €495.1K,€371.3K - €5.9M
ChinoNachoVEVO,3380174,2985247504,Music,B+,€6.7K - €107.2K,€80.4K - €1.3M
KBSEntertain,2966919,2976533584,Entertainment,D-,€4.8K - €76.2K,€57.2K - €914.8K
Oyuncak Av?,5483402,2974779634,Entertainment,A,€79.3K - €1.3M,€951.9K - €15.2M
Haschak Sisters,6227222,2957641801,Entertainment,A,€21.1K - €337.3K,€253K - €4M
HTV2-Vie Channel,5379007,2949957259,Film,A-,€6.7K - €107.7K,€80.8K - €1.3M
BFvsGF,9101138,2948419817,People,B,€622 - €10K,€7.5K - €119.5K
Kênh Thi?u Nhi - BHMEDIA,4249816,2934616417,Music,A,€18.4K - €294.4K,€220.8K - €3.5M
CantaJuegoVEVO,3101323,2933935412,Music,A-,€15.3K - €244.7K,€183.6K - €2.9M
TheTalko,7077426,2928737736,Entertainment,A-,€12.3K - €197K,€147.8K - €2.4M
Boram Tube ToysReview [????…,10173821,2922500094,People,A+,€120.5K - €1.9M,€1.4M - €23.1M
Awakening Music,6941657,2910818209,Music,A-,€14.2K - €227.7K,€170.8K - €2.7M
Preston,9037082,2902234984,Games,A,€14K - €224.2K,€168.1K - €2.7M
ItsFunneh,4056224,2899335560,Games,A,€35.5K - €568.5K,€426.4K - €6.8M
OHA diyorum!,5199283,2896959274,Entertainment,B+,€8.8K - €141.2K,€105.9K - €1.7M
TeluguOne,4922491,2893083077,People,A,€17.6K - €281.9K,€211.4K - €3.4M
DIEN QUAN Comedy / Hài,4259467,2891947538,Entertainment,A-,€11.5K - €184.1K,€138.1K - €2.2M
Kurt Hugo Schneider,11331174,2888593446,Entertainment,B+,€5.8K - €92.5K,€69.4K - €1.1M
Peppa Pig - Official Channel,7639433,2887185176,Film,A,€39.1K - €625.4K,€469K - €7.5M
jesseyjoyoficial,5131992,2877166931,Music,B+,€9.5K - €151.3K,€113.5K - €1.8M
THVL Gi?i Trí,3184874,2873254000,Entertainment,A,€15.3K - €244.4K,€183.3K - €2.9M
AmusementForce,4393368,2872404919,People,A,€23.4K - €374K,€280.5K - €4.5M
??????TV????…,3077033,2870820434,Entertainment,A-,€15.6K - €249.2K,€186.9K - €3M
icanrockyourworld,5291011,2864467363,Film,A-,€14.5K - €231.5K,€173.7K - €2.8M
MK MUSIC,6838093,2860343317,Music,A,€25.7K - €411.5K,€308.6K - €4.9M
whinderssonnunes,35123697,2858803818,Comedy,B+,€9.5K - €152.4K,€114.3K - €1.8M
marcanthonyVEVO,2626289,2858160435,Music,A-,€12.3K - €197.4K,€148.1K - €2.4M
emimusic,7450759,2849504784,Music,B+,€8.2K - €131.6K,€98.7K - €1.6M
Patati Patatá,4212020,2847373443,Music,A,€19.6K - €313.8K,€235.4K - €3.8M
GMA Public Affairs,4634035,2844144471,Entertainment,A,€44.3K - €708.7K,€531.5K - €8.5M
Programa Pânico,8146247,2838181109,Entertainment,A-,€9.1K - €146K,€109.5K - €1.8M
?FavijTV™,5145366,2831948523,Games,B+,€6.9K - €110K,€82.5K - €1.3M
ESPN,4750154,2826192224,Sports,A,€32.4K - €518.8K,€389.1K - €6.2M
Lil pump,14952192,2822002420,Music,A,€33.2K - €531.9K,€398.9K - €6.4M
SHAYTARDS,5038384,2815930994,Entertainment,B,€618 - €9.9K,€7.4K - €118.7K
MatheusKauanVEVO,4413435,2815680404,Music,B+,€9.6K - €153.8K,€115.4K - €1.8M
YoungBoy Never Broke Again,4708426,2815368798,Music,A,€39.1K - €625.6K,€469.2K - €7.5M
KanyeWestVEVO,3722065,2813432164,Music,B+,€6.2K - €99.8K,€74.8K - €1.2M
Dehati India N Masti,8599543,2805352502,Entertainment,A,€9.2K - €146.9K,€110.2K - €1.8M
Movie Talkies,4577102,2794583361,Entertainment,B+,€8.8K - €141.5K,€106.1K - €1.7M
Lachlan,11127416,2785130706,Games,A,€38.9K - €622.4K,€466.8K - €7.5M
Jingle Toons,8145001,2772055132,Film,A,€26.1K - €417.5K,€313.1K - €5M
AkonVEVO,3687590,2767372780,Music,B+,€9.3K - €149.1K,€111.8K - €1.8M
Cardi B,9730073,2766030309,People,A,€51.7K - €827.4K,€620.5K - €9.9M
Unbox Therapy,13904321,2749581672,Tech,A-,€17.9K - €287.1K,€215.3K - €3.4M
MaitreGimsVEVO,4080701,2744064345,Music,B+,€6.3K - €100.3K,€75.2K - €1.2M
BabyBus - Kids Songs & Nursery…,3967026,2742550183,Education,A,€49.5K - €792.3K,€594.2K - €9.5M
Kid Studio,4820831,2742200864,Entertainment,A,€38.8K - €620K,€465K - €7.4M
Lyrical Lemonade,8699589,2740406019,Entertainment,A,€57.7K - €923.1K,€692.3K - €11.1M
Cumicumi,3466631,2739186729,Entertainment,A,€21.8K - €348.8K,€261.6K - €4.2M
KN Channel,4758388,2736660121,Entertainment,A-,€15.9K - €253.7K,€190.3K - €3M
Crazy Frog,5414626,2733774043,Music,A-,€15.6K - €249.7K,€187.3K - €3M
FunToysMedia,6164008,2732416342,Education,A,€52.1K - €834.3K,€625.7K - €10M
Beam Copphone,2154535,2729964865,Entertainment,A,€65K - €1M,€779.8K - €12.5M
TheBrainDit,8033208,2729289399,Games,B+,€3.3K - €52.7K,€39.5K - €631.9K
Miniminter,7882624,2726671411,Games,B+,€5K - €79.5K,€59.7K - €954.5K
DisneyChannelLAVEVO,5473822,2723758655,Music,B+,€8.4K - €133.6K,€100.2K - €1.6M
UsherVEVO,3724864,2708517842,Music,B+,€7.4K - €118.9K,€89.2K - €1.4M
Kluna Tik,6837114,2705478426,Entertainment,A,€35.6K - €569K,€426.8K - €6.8M
mymillionTV,2629629,2704819290,Entertainment,B,€1.2K - €19.8K,€14.9K - €237.7K
H2ODelirious,11602864,2702497722,Games,B+,€6.3K - €100K,€75K - €1.2M
iggyazaleamusicVEVO,5179200,2700874655,Music,A-,€10K - €159.6K,€119.7K - €1.9M
Pica - Pica Oficial,3476434,2700075112,Music,A,€19.5K - €312K,€234K - €3.7M
Denis,7152063,2696999301,Games,A-,€11.5K - €184.1K,€138.1K - €2.2M
Blippi Toys,3567711,2695774313,Entertainment,A,€29K - €464.5K,€348.4K - €5.6M
GEazyMusicVEVO,3965656,2693837328,Music,A-,€12.2K - €194.4K,€145.8K - €2.3M
Los Juguetes de Titi,6584946,2687388274,Entertainment,B+,€9.8K - €156.6K,€117.4K - €1.9M
Gameplayrj,7433579,2686916246,Entertainment,B+,€7.4K - €117.7K,€88.3K - €1.4M
OficialMana,2993604,2685356854,Entertainment,B+,€8.3K - €133K,€99.8K - €1.6M
iBallisticSquid,4209682,2682261465,Games,B,€1.4K - €22.2K,€16.7K - €266.7K
ZaynVEVO,6360872,2680835726,Music,B+,€9K - €143.3K,€107.4K - €1.7M
MTZ Manuel Turizo,5307456,2677218304,Music,A,€33.2K - €531.5K,€398.7K - €6.4M
Disney Junior,3725717,2675893779,Entertainment,A,€29.5K - €472.5K,€354.3K - €5.7M
Geet MP3,10503567,2672316745,,A,€51.7K - €826.8K,€620.1K - €9.9M
iHasCupquake,6571860,2666475479,Games,B,€2K - €31.5K,€23.6K - €378.1K
FunFun Toy Doll TV,6525355,2663588076,Entertainment,A,€23.9K - €381.7K,€286.3K - €4.6M
Pablo Alborán,3761346,2661371077,Music,B+,€9.9K - €157.8K,€118.3K - €1.9M
???? ????,4226419,2658966425,Games,B+,€3.9K - €63K,€47.3K - €756.3K
Fluffy Jet Toys,4426319,2642234327,Entertainment,B,€1.2K - €19.1K,€14.3K - €229.3K
Funny Family Games TV,2281222,2640315541,Film,A,€36.4K - €582.3K,€436.8K - €7M
ChuChuTV Surprise Eggs Learning…,4898591,2639197012,Education,B+,€7.4K - €118.7K,€89K - €1.4M
Monde des Titounis,2922078,2638464260,Film,A-,€12.1K - €193.6K,€145.2K - €2.3M
Sing King Karaoke,5554307,2636756579,Music,A-,€25.5K - €407.7K,€305.8K - €4.9M
YAPYAP,4624965,2636455356,Entertainment,B+,€8.2K - €130.7K,€98K - €1.6M
Makiman131,11097491,2632413715,Entertainment,A-,€14.5K - €231.7K,€173.8K - €2.8M
MBCdrama,2528253,2632363112,Entertainment,A,€18.3K - €293.2K,€219.9K - €3.5M
platinumrecordsmusic,5122654,2632325994,Music,A-,€12K - €191.4K,€143.6K - €2.3M
Você Sabia?,23099626,2632287523,Entertainment,A,€37.1K - €594.2K,€445.6K - €7.1M
Luisito Comunica,22368894,2627691916,Comedy,A,€24.5K - €391.4K,€293.5K - €4.7M
CinemaSins,8289138,2624931560,Film,B,€3K - €47.9K,€36K - €575.4K
????????????…,3391579,2623217574,Film,A-,€13.9K - €223K,€167.3K - €2.7M
Bie The Ska,8719412,2623168283,Entertainment,A-,€13.2K - €210.8K,€158.1K - €2.5M
MrGear,9682253,2622878199,Tech,B+,€4.9K - €78.7K,€59K - €944.3K
Philip DeFranco,6385697,2613837522,Entertainment,B+,€6.7K - €107.5K,€80.7K - €1.3M
DaddyYankeeVEVO,4063894,2604653381,Music,B+,€4.9K - €78.7K,€59K - €944.7K
Step Records,2898579,2596824880,Music,B+,€6K - €95.5K,€71.7K - €1.1M
LanaDelReyVEVO,5987892,2596720361,Music,B+,€6.5K - €104.7K,€78.5K - €1.3M
whitneyhoustonVEVO,2667361,2593604985,Music,B+,€10.8K - €172.9K,€129.6K - €2.1M
Lele Pons,13905151,2589446187,Comedy,A,€23.4K - €374.5K,€280.9K - €4.5M
Paulinho e Toquinho,4738195,2585984980,Entertainment,A-,€7.3K - €117K,€87.7K - €1.4M
Brave Wilderness,14124524,2565662561,Animals,B+,€6.2K - €99.8K,€74.8K - €1.2M
Lindsey Stirling,11540895,2553838661,Music,B+,€5.8K - €92.2K,€69.2K - €1.1M
SeaNanners Gaming Channel,5587698,2552980237,Games,B,€1K - €16.7K,€12.5K - €200.7K
LilWayneVEVO,4973538,2551346091,Music,B+,€7.5K - €120.3K,€90.2K - €1.4M
CrazyRussianHacker,11021311,2542397640,Tech,B+,€4.3K - €68.5K,€51.3K - €821.6K
?????,5296606,2538470642,Games,A,€28.9K - €462.7K,€347.1K - €5.6M
NMF News,6978941,2531999375,News,A,€37.5K - €599.5K,€449.6K - €7.2M
Arcadius Kul,2167469,2530502672,Entertainment,B,€2K - €31.5K,€23.6K - €378K
CaseyNeistat,11050039,2525258515,People,B+,€4.3K - €69.3K,€52K - €831.7K
Linus Tech Tips,8389435,2521487066,Tech,A-,€16.4K - €261.9K,€196.5K - €3.1M
Chris Smoove,4462617,2521465193,Sports,B+,€6.3K - €100.4K,€75.3K - €1.2M
Tasty,13348952,2520240029,People,A,€27K - €432.3K,€324.2K - €5.2M
Luan Santana,7844776,2518546990,Music,A-,€12.8K - €204.6K,€153.5K - €2.5M
Funny Stacy,8602353,2487617387,,A,€53.2K - €851.9K,€638.9K - €10.2M
Kuplinov ? Play,6657467,2486356202,Games,A-,€15K - €240.4K,€180.3K - €2.9M
TheGrefg,9847250,2485723602,Games,A,€23.9K - €382.7K,€287K - €4.6M
Busy Beavers - Kids Learn ABCs 123s…,2592635,2481784203,Education,B,€1.7K - €27.9K,€20.9K - €334.5K
Blossom,9813387,2481003945,Howto,A,€28.5K - €456.1K,€342.1K - €5.5M
KAYCEE & RACHEL in WONDERLAND,4471083,2478696515,Entertainment,A,€48.5K - €776.6K,€582.4K - €9.3M
PopArt Discos,2029142,2478609920,Music,A-,€13.7K - €218.5K,€163.9K - €2.6M
Flowers Comedy,3566640,2473854385,Entertainment,A,€35.6K - €569K,€426.7K - €6.8M
Cut,7903065,2473403650,Entertainment,A,€22.3K - €356K,€267K - €4.3M
The Voice Kids,4556658,2469274516,Entertainment,A-,€14.6K - €233.1K,€174.8K - €2.8M
Planeta das Gêmeas,10263106,2468927382,Entertainment,B+,€10.7K - €171.2K,€128.4K - €2.1M
ToysReviewToys,2297125,2468073051,Film,B+,€4K - €63.6K,€47.7K - €763.4K
Flo Rida,4384155,2465393522,Music,B+,€5.2K - €82.4K,€61.8K - €989K
Coisa de Nerd,9313151,2462155451,Tech,B+,€7.5K - €119.4K,€89.5K - €1.4M
Toys AndMe,10436184,2453750916,Entertainment,B+,€9K - €144.5K,€108.4K - €1.7M
Sony PAL,5073015,2449117106,Entertainment,A,€35K - €560.5K,€420.4K - €6.7M
BCC Trolling,9575472,2445745786,Games,A,€23.5K - €376.2K,€282.1K - €4.5M
SBS NOW,2468022,2445256491,Entertainment,A-,€14.3K - €229.6K,€172.2K - €2.8M
America's Got Talent,10175699,2437356145,Entertainment,A-,€15.8K - €253.3K,€190K - €3M
Mr. Gengar,3263559,2436844251,Entertainment,A+,€91K - €1.5M,€1.1M - €17.5M
MBC The Voice,4063647,2430605698,Entertainment,B+,€9.5K - €151.7K,€113.8K - €1.8M
Muselk,7656746,2430254805,Games,A,€18K - €287.7K,€215.7K - €3.5M
Anthony Ying,2479368,2422656572,Entertainment,A-,€10.9K - €174K,€130.5K - €2.1M
La Rosa de Guadalupe,6070957,2412614139,Entertainment,A,€35.7K - €571.9K,€428.9K - €6.9M
????BinMusic,2190496,2411904534,Music,B+,€5.6K - €88.8K,€66.6K - €1.1M
HTV Entertainment,4375953,2409398577,Entertainment,A-,€13.4K - €213.7K,€160.3K - €2.6M
Kodak Black,5297656,2409212452,Music,A,€20.8K - €333.1K,€249.8K - €4M
Cartoon Network UK,3272043,2405948252,Entertainment,A,€27.8K - €445.1K,€333.8K - €5.3M
CalibreCincuentaVEVO,3190389,2397607538,Music,A-,€14.4K - €231.1K,€173.3K - €2.8M
Movieclips Coming Soon,2320759,2396409921,Film,B+,€7.7K - €123.8K,€92.9K - €1.5M
Oddbods - Official Channel,3534622,2394135867,Film,A,€22.5K - €359.4K,€269.5K - €4.3M
KendrickLamarVEVO,7081637,2389027409,Music,B+,€7.8K - €124.7K,€93.5K - €1.5M
NhacPro Tube,4107724,2381894670,Music,B+,€9.6K - €153.1K,€114.8K - €1.8M
PlayToys,5578182,2376984568,Entertainment,B+,€25.9K - €414.2K,€310.6K - €5M
Yuya,23501019,2376565163,Howto,B,€1.9K - €29.7K,€22.3K - €356.3K
????? ???????? ?…,7930269,2375694635,People,A,€45.3K - €725.3K,€544K - €8.7M
NirvanaVEVO,3082261,2375608073,Music,B+,€9K - €143.7K,€107.8K - €1.7M
LazarBeam,9277149,2370094704,Games,A,€53.9K - €862.1K,€646.6K - €10.3M
TygaVEVO,3559312,2368121731,Music,A,€20.2K - €323.8K,€242.8K - €3.9M
PULCINO PIO,4053979,2365929739,Music,B+,€3.2K - €51K,€38.3K - €612.3K
??????,3812629,2363090777,Entertainment,A-,€13.9K - €223.1K,€167.3K - €2.7M
?ÔNG TÂY PROMOTION OFFICIAL,4164711,2355402527,Entertainment,B+,€10.5K - €168.8K,€126.6K - €2M
Family Playlab,3668359,2347200982,Entertainment,B+,€9.7K - €154.4K,€115.8K - €1.9M
DIEN QUAN Entertainment / Gi?i…,3401863,2344736693,Entertainment,A-,€7.5K - €119.9K,€89.9K - €1.4M
?? TV,2516608,2338649851,Games,B+,€5.3K - €85.3K,€64K - €1M
planbVEVO,2835016,2330485380,Music,B+,€3.6K - €57.1K,€42.8K - €685.3K
Julia MineGirl,4006517,2326014917,Games,A,€22.4K - €359.1K,€269.3K - €4.3M
????,2513593,2306769210,Games,A-,€11.2K - €178.7K,€134K - €2.1M
Monstercat: Uncaged,7286258,2303926940,Music,B+,€6K - €96.4K,€72.3K - €1.2M
PietSmiet,2324396,2297894750,Entertainment,B+,€4.4K - €71K,€53.3K - €852.6K
systemofadownVEVO,2906471,2297272485,Music,B+,€9.1K - €145.7K,€109.3K - €1.7M
Telefe,2833187,2296046397,Entertainment,A-,€14K - €224.1K,€168.1K - €2.7M
OYUNCAKOYNUYORUM,4568711,2295038311,Entertainment,A,€46.3K - €740.8K,€555.6K - €8.9M
Ghi?n Mì Gõ,4003583,2287709502,Entertainment,A,€16.4K - €261.7K,€196.3K - €3.1M
TMG Record Channel,3781067,2286320547,Music,B+,€9.6K - €153.1K,€114.8K - €1.8M
Toy Candy,3674798,2285508840,Education,B,€3.1K - €49.5K,€37.1K - €593.6K
Be?ikta? Kültür Merkezi (BKM),1987226,2283178244,Comedy,A-,€15.1K - €241.4K,€181.1K - €2.9M
CAguileraVEVO,2590601,2282484690,Music,B+,€5.6K - €89K,€66.8K - €1.1M
AzzyLand,7974060,2282278176,Games,A,€53.1K - €850.1K,€637.6K - €10.2M
UnspeakableGaming,6924072,2281036923,Games,A,€16K - €256.1K,€192.1K - €3.1M
Nek Music Tv,2538026,2276670049,Music,A-,€14K - €223.4K,€167.5K - €2.7M
Zee Tamil,4178306,2275652305,Entertainment,A,€30.6K - €489.2K,€366.9K - €5.9M
Maria Clara & JP,8400461,2266464928,People,A+,€41.6K - €665.7K,€499.3K - €8M
johnlegendVEVO,4113360,2265616526,Music,B+,€7.7K - €123.3K,€92.5K - €1.5M
YandelVEVO,3365209,2264868563,Music,B+,€4.4K - €70K,€52.5K - €840.1K
Azteca Novelas,3345926,2263715518,Entertainment,A-,€13.8K - €220.2K,€165.2K - €2.6M
Surya Citra Televisi (SCTV),4395949,2254707963,Entertainment,A,€38.1K - €609.3K,€457K - €7.3M
FaZe Rug,11669354,2251162363,Games,A-,€9.3K - €148.3K,€111.2K - €1.8M
YEAH1 MUSIC,2264549,2249778734,Music,B+,€8.7K - €139.8K,€104.8K - €1.7M
BibisBeautyPalace,5602127,2248940761,Howto,B+,€4.5K - €72.8K,€54.6K - €873.5K
The LaBrant Fam,8704805,2234288859,People,A,€19.5K - €311.5K,€233.6K - €3.7M
KiKiDo,4235891,2233314480,People,A,€39.3K - €628.3K,€471.2K - €7.5M
Walt Disney Animation Studios,3486583,2231639583,Film,B+,€4.3K - €68.3K,€51.2K - €819.4K
Chill Nation,7832596,2231433180,Music,A,€17.6K - €282K,€211.5K - €3.4M
O Reino Infantil,3719939,2230495471,Music,A,€21.3K - €341.5K,€256.1K - €4.1M
Christina Perri,4609430,2229469541,Music,B+,€9K - €144K,€108K - €1.7M
The King of Random,11052227,2227363323,Education,B+,€9.6K - €152.9K,€114.6K - €1.8M
Les' Copaque Production,4217039,2224631448,Film,A,€24K - €383.9K,€287.9K - €4.6M
WOW ENGLISH TV,2843114,2222828534,Education,A,€22.4K - €358.5K,€268.9K - €4.3M
TheSkylanderBoy AndGirl,2347651,2221586519,Games,B+,€3.2K - €50.6K,€37.9K - €606.9K
MediaPro Music,2934681,2218291382,Music,B+,€5.7K - €91.8K,€68.9K - €1.1M
FOX,2187312,2213281572,Entertainment,A-,€12.9K - €206K,€154.5K - €2.5M
???? ?? ???????,4603158,2204678091,Entertainment,A,€22.8K - €364K,€273K - €4.4M
Stephen Sharer,6197326,2203033769,Entertainment,A,€19.9K - €318K,€238.5K - €3.8M
BANGTANTV,16238069,2195972072,Music,A,€16.8K - €269.4K,€202.1K - €3.2M
ExtraPolinesios,12572613,2195698268,People,A-,€12.1K - €193K,€144.7K - €2.3M
Toys Make Me Smile,6791155,2195095578,Entertainment,A,€39.8K - €636.9K,€477.7K - €7.6M
StarPlus,8936379,2193504656,Entertainment,A,€27.2K - €436K,€327K - €5.2M
T-Series Regional,5314563,2191659720,Music,A,€23.5K - €376.7K,€282.5K - €4.5M
5-Minute Crafts KIDS,11901649,2190071882,Howto,A,€36.2K - €579.1K,€434.3K - €6.9M
ExtremeToys TV,4115776,2188321220,Entertainment,A,€21.3K - €341K,€255.8K - €4.1M
Dance India Dance,4586474,2187335642,Entertainment,A,€16.7K - €266.8K,€200.1K - €3.2M
EvanTubeRAW,3577906,2179916099,People,B+,€3.2K - €50.7K,€38K - €608.4K
Kids Fun,9841511,2173858967,Entertainment,A,€20.3K - €324.8K,€243.6K - €3.9M
Larva TUBA,4726405,2172522099,Film,A-,€15K - €240.3K,€180.2K - €2.9M
chayanneVEVO,2038878,2167293361,Music,B+,€7K - €111.7K,€83.8K - €1.3M
VenturianTale,2840058,2164318785,Games,B,€822 - €13.2K,€9.9K - €157.8K
Cyprien,12900594,2160138925,Comedy,B+,€5.3K - €84.3K,€63.2K - €1M
Red Bull,8316164,2158786191,Sports,B+,€0 - €0,€0 - €0
JoBlo Movie Trailers,1963352,2154012557,Entertainment,D-,€31.3K - €501.3K,€376K - €6M
OLIE THE CUB,6879666,2152458776,Entertainment,B+,€3.5K - €55.3K,€41.4K - €663.2K
Rainbow Learning,5184504,2151053335,Entertainment,B,€2.1K - €33.6K,€25.2K - €403.3K
ToyMart TV,4460974,2148936084,Entertainment,A-,€12.2K - €194.9K,€146.2K - €2.3M
???? / PockySweets,2475152,2148503841,Games,B+,€8.2K - €130.8K,€98.1K - €1.6M
thelonelyisland,6869584,2146988019,Comedy,B,€2K - €32.3K,€24.2K - €387.8K
TV Thunder Official,3848168,2144307535,Entertainment,A-,€15.1K - €241.7K,€181.3K - €2.9M
lunacreciente,4440415,2143479776,Music,B+,€6.8K - €109.4K,€82.1K - €1.3M
MULTIMEDIOS,1937792,2141396748,Entertainment,B+,€8.6K - €137.9K,€103.4K - €1.7M
AP International,3065763,2133510963,Entertainment,A,€18.5K - €296.2K,€222.1K - €3.6M
Looper,4062243,2132577966,Entertainment,A-,€13.5K - €215.3K,€161.5K - €2.6M
OfficialWhiteMusic,2701114,2132541044,Music,A-,€9.4K - €150.9K,€113.2K - €1.8M
GENIAL,15863053,2131861282,Howto,A,€26.8K - €428.6K,€321.5K - €5.1M
KygoOfficialVEVO,3171609,2127397234,Music,A-,€12.1K - €193K,€144.8K - €2.3M
Alltime10s,5585029,2125249963,Education,B+,€3.2K - €51.3K,€38.5K - €615.6K
Lokdhun Punjabi,6909799,2123517148,Music,A-,€14.5K - €232.6K,€174.4K - €2.8M
Dek Jew Chill Out,2897810,2123077047,People,A-,€9.9K - €157.9K,€118.4K - €1.9M
Disney FR,2352504,2121833275,Film,A,€15.1K - €241.5K,€181.1K - €2.9M
Saregama Music,7864572,2121121355,Music,A,€39.2K - €627.1K,€470.4K - €7.5M
MrBeast,16183853,2116517638,Games,A,€38.9K - €621.7K,€466.3K - €7.5M
???? ????,7158767,2113928175,Howto,A,€22K - €351.4K,€263.5K - €4.2M
HowToBasic,13001875,2113372762,Howto,A-,€13.7K - €219.4K,€164.5K - €2.6M
Thuy Nga,2500675,2109257273,Music,A,€19.9K - €319.1K,€239.3K - €3.8M
JonasBlueVEVO,2173046,2107878002,Music,A,€20.1K - €320.9K,€240.7K - €3.9M
Disney Junior España,2918551,2105304223,Entertainment,A-,€11.3K - €180.9K,€135.7K - €2.2M
BBC Radio 1,5685367,2104425488,Music,B+,€9.1K - €145.1K,€108.8K - €1.7M
Aventura,2317057,2092622335,Music,B+,€6.2K - €99.4K,€74.6K - €1.2M
NORMAN FAIT DES VIDÉOS,11355982,2092065032,Comedy,B+,€6.7K - €107.5K,€80.6K - €1.3M
Sevimli Dostlar,3098811,2091953672,Education,A-,€14.9K - €238.5K,€178.9K - €2.9M
Star Casablanca | ????…,5792752,2090899849,Music,A,€20.7K - €331.6K,€248.7K - €4M
JFlaMusic,11209545,2083548930,Music,A-,€12K - €192.7K,€144.5K - €2.3M
PDK,7863537,2077953312,Entertainment,B+,€5.9K - €94.5K,€70.8K - €1.1M
LetsGoMartin - Nursery Rhymes,7189222,2077833057,Entertainment,A,€27K - €432.1K,€324.1K - €5.2M
ALL THE K-POP,4138569,2075997736,Entertainment,A-,€12.3K - €196.8K,€147.6K - €2.4M
BackstreetBoysVEVO,1932154,2074507831,Music,A-,€12.7K - €202.8K,€152.1K - €2.4M
Flavia Calina,6435577,2070502463,People,B+,€6.8K - €108K,€81K - €1.3M
MikelTube,3361182,2068905195,Entertainment,A,€27.3K - €436.2K,€327.1K - €5.2M
Slogoman,4957803,2066273932,Games,A-,€12.8K - €204.2K,€153.1K - €2.5M
williamVEVO,3972122,2064171716,Music,B,€2.6K - €41.2K,€30.9K - €494K
FAMILY BOX,3260762,2062653612,People,A,€56.7K - €906.6K,€680K - €10.9M
GamingWithKev,4267564,2055055365,Games,A-,€16.3K - €261.2K,€195.9K - €3.1M
AdamThomasMoran,9905468,2053018513,Comedy,B+,€3.6K - €58.1K,€43.6K - €697.1K
Juguetes con Andre,4697598,2050665652,Film,A-,€15.7K - €251.1K,€188.3K - €3M
ZackScottGames,3578418,2047596712,Games,B+,€5.1K - €80.8K,€60.6K - €970K
ONE Media,2051835,2045679251,Film,A-,€10.4K - €165.9K,€124.4K - €2M
djvlad,3078091,2043609607,Entertainment,B+,€9K - €144.5K,€108.4K - €1.7M
Çukur,2932165,2041563807,,A,€33.3K - €532.1K,€399.1K - €6.4M
TobyGames,6485764,2038937791,Games,B-,€169 - €2.7K,€2K - €32.5K
Carinha de Anjo,4577440,2035267348,Entertainment,A-,€14K - €223.6K,€167.7K - €2.7M
??Heopop,3119367,2033421264,Entertainment,B+,€7K - €112.5K,€84.4K - €1.4M
Migos ATL,8224997,2033398103,Music,B+,€7.5K - €120.8K,€90.6K - €1.4M
Manual do Mundo,11847324,2028986599,Tech,B+,€5.5K - €88.2K,€66.2K - €1.1M
Paluten,3237575,2027374885,Games,A-,€11K - €176.7K,€132.5K - €2.1M
Facts Verse,6642755,2020708358,Entertainment,A-,€12.2K - €195.1K,€146.3K - €2.3M
Masha y el Oso,5325152,2019969731,Film,A,€20.6K - €330K,€247.5K - €4M
NellyVEVO,2748941,2008982856,Music,B+,€6.2K - €99.4K,€74.6K - €1.2M
Flow La Movie,5377930,2007438190,People,A,€23.4K - €374.9K,€281.2K - €4.5M
Little Angel: Nursery Rhymes & Kids…,3377211,2005349290,Film,A,€60.9K - €975K,€731.3K - €11.7M
zoom,2856433,2002956086,Entertainment,B+,€7.4K - €117.9K,€88.4K - €1.4M
Chiquititas SBT,3827320,2002655400,Entertainment,B+,€9.7K - €154.4K,€115.8K - €1.9M
Coffi Channel,5566478,2002198733,Games,A-,€11.6K - €185.4K,€139.1K - €2.2M
Paulo Londra,10347099,2000746972,Music,A,€42.1K - €674K,€505.5K - €8.1M
Mickey Mouse,2894204,1990997590,Film,B+,€10.2K - €162.9K,€122.1K - €2M
jacksfilms,4558163,1988959416,Comedy,B+,€5.2K - €82.7K,€62K - €992.6K
Fizzy Toy Show,2419733,1988255532,Entertainment,A-,€9.6K - €153.3K,€115K - €1.8M
KhalidVEVO,2423325,1986863534,Music,A,€40.8K - €652.5K,€489.4K - €7.8M
Liza Koshy,16668809,1985455439,Comedy,B+,€4.7K - €75.7K,€56.7K - €907.9K
Mister Bean Number One Fan in HD -…,5464762,1983782916,Entertainment,A-,€14.5K - €231.9K,€173.9K - €2.8M
RiceGum,10790382,1978790121,Entertainment,B+,€4.1K - €65.4K,€49K - €784.6K
Anand Audio,3608274,1974314417,Entertainment,A,€22.4K - €358.6K,€268.9K - €4.3M
videogamedunkey,5313943,1971134766,Games,B+,€7.2K - €115.4K,€86.6K - €1.4M
TOYSBR Parque dos Brinquedos…,3943110,1970779968,Entertainment,B+,€5.7K - €90.5K,€67.9K - €1.1M
Masha e o Urso,6133516,1969551070,Film,A,€17.2K - €274.6K,€205.9K - €3.3M
infobells - Tamil,3497035,1966114677,Education,A,€18K - €288.4K,€216.3K - €3.5M
Robin Schulz,2730094,1965404386,Entertainment,B+,€7.7K - €123.2K,€92.4K - €1.5M
Ch3Thailand Music,2898808,1965028767,Music,B+,€6.7K - €107K,€80.3K - €1.3M
CreativeKids,2165996,1964751755,Entertainment,A,€22K - €352.7K,€264.5K - €4.2M
GoPro,6745628,1963536111,Sports,B+,€4.4K - €70.8K,€53.1K - €850.2K
Me contro Te,3349146,1961980088,Entertainment,A,€25.9K - €414.9K,€311.2K - €5M
ournameismagicVEVO,2277477,1961080732,Music,B+,€4.4K - €71.1K,€53.3K - €853.3K
camilaVEVO,2057122,1960446929,Music,B+,€5.3K - €85.3K,€64K - €1M
The Game Theorists,11452798,1958614141,Games,B+,€5.8K - €93.4K,€70K - €1.1M
????? ???? | Melon City…,6343226,1958526093,Comedy,A,€30.3K - €485.4K,€364K - €5.8M
Miranda Sings,10522670,1954241197,Entertainment,B+,€5K - €79.4K,€59.6K - €952.8K
Danny Ocean,3233535,1951859143,Music,A-,€11.1K - €177.2K,€132.9K - €2.1M
Fran Nina e Bel para meninas,7011223,1950951381,Entertainment,B+,€5.8K - €93.5K,€70.1K - €1.1M
DashieGames,4742629,1949243909,Games,B+,€5.5K - €88K,€66K - €1.1M
EnzoKnol,2170780,1949084600,Entertainment,B+,€6.7K - €106.8K,€80.1K - €1.3M
TRANS7 OFFICIAL,5068418,1937725491,Entertainment,A,€62.4K - €997.7K,€748.3K - €12M
DAMI AN,4403135,1936757296,Entertainment,B-,€2.1K - €34K,€25.5K - €407.9K
INSIDER,3929615,1935237621,Travel,A,€21.6K - €345.5K,€259.1K - €4.1M
Cantece Gradinita .ro,2104011,1934145589,Film,A-,€15.5K - €248.3K,€186.2K - €3M
Green Day,3534750,1933024914,Music,B+,€7K - €112.8K,€84.6K - €1.4M
Deckdisc,2660357,1932550627,Music,B+,€7K - €112.7K,€84.5K - €1.4M
ExpCaseros,10309570,1929455900,Howto,B+,€5.5K - €88.4K,€66.3K - €1.1M
Strawberry Jam Toys,5261412,1927409436,Entertainment,A,€32.5K - €519.4K,€389.5K - €6.2M
La Voz Kids Colombia,3590732,1927318497,Entertainment,A,€24.4K - €389.9K,€292.4K - €4.7M
EvanescenceVEVO,3342877,1926405118,Music,B+,€5.8K - €92.4K,€69.3K - €1.1M
LOVEiS+,2500949,1925382982,Music,B+,€4.9K - €77.9K,€58.4K - €934.5K
??????????…,9182399,1924794049,Entertainment,A-,€12.2K - €195.9K,€146.9K - €2.4M
UberHaxorNova,3085266,1909180741,Games,B,€1.1K - €17.5K,€13.1K - €209.4K
Elhiwar Ettounsi,2962115,1906572164,Entertainment,A,€27.5K - €439.8K,€329.8K - €5.3M
Gato Galactico,9675738,1906571484,Music,A,€22.1K - €353.1K,€264.9K - €4.2M
UFC - Ultimate Fighting…,6147161,1905260423,Sports,B+,€8.9K - €143.2K,€107.4K - €1.7M
Warner Music Japan,2053097,1904782275,Music,A-,€11.7K - €186.4K,€139.8K - €2.2M
shfa,5301537,1903593857,Film,A,€54K - €864.5K,€648.4K - €10.4M
TheOdd1sOut,10915615,1901866014,Comedy,A,€23.8K - €380.5K,€285.4K - €4.6M
Super Kids TV,3827092,1899473890,Education,B+,€9.6K - €154.3K,€115.7K - €1.9M
LastWeekTonight,6846051,1897947753,Entertainment,A-,€13.3K - €212.4K,€159.3K - €2.5M
Tu COSMOPOLIS,10412418,1896113245,People,A,€24.8K - €396.5K,€297.4K - €4.8M
Maymo,4767878,1886810445,Animals,A,€40.9K - €654K,€490.5K - €7.8M
NeYoVEVO,2404641,1882918652,Music,B+,€4.6K - €72.9K,€54.7K - €875K
LIV Kids Hindi,3542183,1881718555,Entertainment,A,€42.2K - €674.4K,€505.8K - €8.1M
The Q,6761833,1876418644,People,A-,€11.4K - €182.6K,€137K - €2.2M
TV-People,1945837,1876313439,Entertainment,A-,€9.3K - €148.1K,€111.1K - €1.8M
Sen Anlat Karadeniz,3319018,1875033714,,A,€20.4K - €326.2K,€244.6K - €3.9M
Joey Graceffa,8990305,1871446502,People,B+,€2.8K - €44.6K,€33.4K - €535.1K
Madame Récré FR,2007814,1868489302,Entertainment,B+,€8.4K - €134.6K,€100.9K - €1.6M
Saad Lamjarred | ??? ?????,6856842,1865107473,Music,A,€6.9K - €110.1K,€82.6K - €1.3M
Slipknot,4437795,1862456385,Music,B+,€7.1K - €113.4K,€85K - €1.4M
AuronPlay,14592471,1857462281,Comedy,A,€19.9K - €319.1K,€239.4K - €3.8M
5-Minute Crafts GIRLY,12177203,1856502004,Howto,A,€40.8K - €653.1K,€489.8K - €7.8M
LEGENDA FUNK,9458605,1853539258,Music,B-,€11.2K - €178.4K,€133.8K - €2.1M
Princess Bánh Bao,4861957,1852044811,Entertainment,A,€23.8K - €380.3K,€285.2K - €4.6M
ZaraLarssonMusicVEVO,3835208,1851381256,Music,B+,€5.1K - €81K,€60.7K - €971.4K
Mo Vlogs,7205978,1849489153,People,B+,€6.8K - €108.7K,€81.5K - €1.3M
Wish 107.5,4986065,1849042096,Music,A,€28.6K - €457.7K,€343.2K - €5.5M
CartoonKiDS BR,5039117,1847620365,Entertainment,B+,€8.2K - €130.6K,€98K - €1.6M
YouTube,28009035,1845149750,News,B,€1.2K - €18.6K,€13.9K - €222.8K
Super Polina,6806848,1843187739,People,A,€51.8K - €829.1K,€621.8K - €9.9M
JP Plays,6227179,1841186827,Games,A,€19.7K - €315.5K,€236.6K - €3.8M
Robocar POLI TV,2065235,1841081335,Film,A-,€16.8K - €268.7K,€201.5K - €3.2M
Bajan,5945154,1840067149,Games,B,€467 - €7.5K,€5.6K - €89.6K
FallOutBoyVEVO,3747082,1838078192,Music,B+,€4.1K - €65.9K,€49.4K - €790.9K
Toys and Fun,2388799,1836569264,Film,A-,€14.5K - €232.7K,€174.5K - €2.8M
Zic Zic,6679147,1832176309,Education,A-,€16K - €255.9K,€192K - €3.1M
ClevverTV,2405009,1830904244,Entertainment,B,€904 - €14.5K,€10.9K - €173.6K
Zig & Sharko,3879445,1830306149,Film,A,€32.2K - €515.1K,€386.3K - €6.2M
ToyTocToc,5657738,1828019408,Entertainment,A-,€21.9K - €349.9K,€262.4K - €4.2M
????Hikaru?,3011837,1826579492,Entertainment,A-,€10K - €159.5K,€119.6K - €1.9M
KHANDESHI MOVIES,7543656,1824537349,Comedy,A,€59.8K - €956.6K,€717.5K - €11.5M
Izabela Stress,6095383,1822930651,Howto,A,€33.5K - €535.6K,€401.7K - €6.4M
Zee News,7263596,1821053247,News,A,€16.5K - €264.2K,€198.2K - €3.2M
IULITM,3048911,1820454005,Games,B+,€7.3K - €116.1K,€87K - €1.4M
Show TV,2294011,1819370292,Film,A-,€11.1K - €178K,€133.5K - €2.1M
riserecords,2483239,1812811607,Music,B+,€4.1K - €65.6K,€49.2K - €786.7K
OfficialCKanVEVO,4255739,1812552003,Music,B+,€6K - €96.2K,€72.1K - €1.2M
VRZOchannel,5495172,1812348904,Entertainment,B+,€5.1K - €81.7K,€61.3K - €980.8K
Smosh Pit,6133341,1810731631,People,B+,€4.5K - €72K,€54K - €864K
DalasReview,8653113,1809478237,Entertainment,B+,€4.2K - €66.8K,€50.1K - €801.8K
ZEDDVEVO,3984093,1802061652,Music,B+,€4.7K - €75.3K,€56.5K - €904.1K
F2Freestylers - Ultimate Soccer…,9727210,1798861074,Sports,B+,€7.4K - €118.4K,€88.8K - €1.4M
CelineDionVEVO,2084331,1797903580,Music,B+,€6.7K - €107.3K,€80.5K - €1.3M
Blippi Español,4536701,1797887419,Education,A,€25.3K - €405.3K,€304K - €4.9M
Team Edge,5721684,1797487094,Comedy,A-,€14.2K - €226.6K,€170K - €2.7M
aliciakeysVEVO,2519861,1797464770,Music,B+,€7.7K - €123.6K,€92.7K - €1.5M
A&E,2052360,1793285315,Entertainment,A,€28.2K - €451K,€338.3K - €5.4M
OGGY,3376309,1789651072,Film,A-,€11K - €175.3K,€131.5K - €2.1M
Kitchen Nightmares,3350607,1786248076,Entertainment,A-,€11.7K - €186.9K,€140.2K - €2.2M
KBSKpop,3448965,1785838523,Music,A-,€13.3K - €212.2K,€159.2K - €2.5M
MotorTrend Channel,6154525,1784805597,Autos,B,€2.7K - €43.3K,€32.5K - €519.7K
M2,3623747,1783491226,Entertainment,A,€19.8K - €317.1K,€237.8K - €3.8M
Mor Haryanvi,5187805,1781581369,Music,A,€31.7K - €506.5K,€379.9K - €6.1M
ToysYJuguetesTV,5316645,1781475429,Entertainment,B,€6.8K - €108.6K,€81.4K - €1.3M
Yuka Kinoshita?????,5115410,1778478930,Entertainment,B+,€3.9K - €62.9K,€47.2K - €754.5K
Ninja,21759421,1775517995,Games,B+,€11.8K - €189.4K,€142K - €2.3M
Nirahua Music World,3599959,1770576185,Music,A,€21.3K - €340.8K,€255.6K - €4.1M
Latina.pe,2659611,1769104219,People,A,€16.3K - €260.3K,€195.2K - €3.1M
DETONA FUNK,6802178,1767012931,Music,B+,€3.2K - €51.9K,€38.9K - €622.4K
SamsungIndia,2892817,1763688657,Tech,A,€44.3K - €708.6K,€531.5K - €8.5M
serial,2799394,1760131545,Entertainment,B+,€5.9K - €95K,€71.2K - €1.1M
Red Chillies Entertainment,5024740,1754947894,Entertainment,A-,€14.3K - €228.5K,€171.4K - €2.7M
twenty one pilots,8697758,1753619643,Music,A,€17.1K - €274.2K,€205.6K - €3.3M
Rai,2721902,1752900169,Comedy,A,€6.5K - €103.6K,€77.7K - €1.2M
Tauz,8020624,1750149484,Music,B+,€5.1K - €81.1K,€60.8K - €972.8K
Power Vision,5234029,1747809829,Entertainment,A-,€14.4K - €230.6K,€172.9K - €2.8M
AnAn ToysReview TV,2344392,1747379075,Entertainment,B+,€9.8K - €157.2K,€117.9K - €1.9M
CiaraVEVO,2551003,1747253099,Music,B+,€3.5K - €56.5K,€42.4K - €678.1K
Planet Dolan,5786898,1745203497,Education,B,€1.5K - €23.6K,€17.7K - €283K
LipaoGamer,7348239,1742981807,Games,B+,€9.2K - €146.9K,€110.2K - €1.8M
CarlyRaeJepsenVEVO,2953577,1741767849,Music,B+,€3.6K - €57.9K,€43.4K - €694.5K
St3pNy,3690568,1741489492,Games,B+,€6.5K - €103.4K,€77.5K - €1.2M
BIBI TV,2297147,1739544467,Entertainment,A,€32.3K - €516.2K,€387.1K - €6.2M
ZarcortGame,8421764,1738994868,Entertainment,B+,€3.3K - €52.6K,€39.5K - €631.5K
FrenchMontanaVEVO,2420859,1735013879,Music,B+,€7.7K - €123.8K,€92.9K - €1.5M
SBS Entertainment,2267784,1734483062,Entertainment,B+,€6.7K - €107.2K,€80.4K - €1.3M
Troom Troom Es,8464144,1729656574,Howto,A,€21.1K - €337.3K,€252.9K - €4M
Fun Kids House,6080492,1729362042,Education,B+,€3.7K - €58.9K,€44.2K - €707.2K
TravisScottVEVO,2000494,1728129886,Music,A,€19.8K - €317.4K,€238K - €3.8M
RDC Rajasthani,4346479,1727245531,Music,A,€18.4K - €293.9K,€220.4K - €3.5M
GerardoOrtizVEVO,2488644,1723398419,Music,B+,€5.5K - €88.6K,€66.5K - €1.1M
Talent Recap,2658712,1719939028,Entertainment,A-,€13.7K - €219.4K,€164.6K - €2.6M
Tanner Fox,8678525,1715682725,Film,B,€3.4K - €55K,€41.2K - €659.8K
MarcoASolisVEVO,2484584,1713331824,Music,B+,€7.6K - €121.6K,€91.2K - €1.5M
Conor Maynard,8819326,1712132693,Music,B+,€3.2K - €51.5K,€38.6K - €617.7K
TwiinsCuliacanTv,2311557,1711274966,Music,B+,€5K - €79.8K,€59.8K - €957.4K
#Refugio Mental,8406958,1711273254,Entertainment,A,€19.5K - €311.9K,€234K - €3.7M
Soft Box Türkiye,2903477,1706684609,,B+,€7.4K - €118K,€88.5K - €1.4M
Trey Songz,3521034,1705061449,Entertainment,B+,€6.1K - €97.6K,€73.2K - €1.2M
SilentoVEVO,4153152,1698007996,Music,B,€1.8K - €29.5K,€22.2K - €354.5K
Animal Planet,3336906,1697708892,Entertainment,B+,€6.6K - €105.9K,€79.4K - €1.3M
Shot of The Yeagers,3298252,1697049954,Entertainment,A-,€12.2K - €195.7K,€146.8K - €2.3M
RocketJump,8595833,1696735017,Film,B+,€3.5K - €56.5K,€42.3K - €677.5K
Cleo & Cuquín - Familia Telerín,3764532,1693323168,Film,A-,€15.1K - €241.3K,€181K - €2.9M
JoeyMontanaVEVO,2361482,1692868507,Music,B,€1.8K - €28.9K,€21.7K - €346.6K
Aditya Movies - Telugu & Hindi,4968914,1691290937,Film,A,€26.2K - €418.4K,€313.8K - €5M
? Kids Roma Show,6757860,1687260550,Entertainment,A,€28.4K - €454.7K,€341K - €5.5M
AKB48,2318785,1686881293,Entertainment,B+,€4.3K - €68.9K,€51.7K - €827.4K
Goldmines,10108716,1686303132,Film,A,€34.5K - €552.5K,€414.4K - €6.6M
MoonKase,5682548,1685857876,Games,A-,€12.1K - €193.4K,€145.1K - €2.3M
Juliana Baltar,8591809,1685529950,Entertainment,B+,€8.1K - €128.8K,€96.6K - €1.5M
Gibby :),9343266,1685299804,People,B+,€11.3K - €181.4K,€136.1K - €2.2M
ChiChi TV Siêu Nhân,4585486,1684616673,,B+,€962 - €15.4K,€11.5K - €184.8K
Fizzy Fun Toys,2374063,1684524125,People,B+,€10.7K - €171.4K,€128.5K - €2.1M
La Rosa Hd,3648488,1683659976,,A,€18.3K - €293.5K,€220.1K - €3.5M
Tom Slime,5733538,1682491547,,A,€32K - €512.1K,€384.1K - €6.1M
Kara Sevda,2067823,1681680355,Film,A-,€10.2K - €163.2K,€122.4K - €2M
Rémi GAILLARD,6768950,1679822035,Comedy,B,€589 - €9.4K,€7.1K - €113.1K
Raffy Tulfo in Action,3596262,1678962248,News,A,€36.1K - €577.1K,€432.8K - €6.9M
Meek Mill,3272512,1677118354,Music,A-,€13.4K - €214.2K,€160.6K - €2.6M
NachoVEVO,3635424,1676856521,Music,B+,€8.2K - €131.9K,€98.9K - €1.6M
Jugnu Kids - Nursery Rhymes and…,4267248,1676512555,Education,A,€17.4K - €278.4K,€208.8K - €3.3M
SuperHeroKids,2907862,1670499818,Entertainment,A,€20.1K - €320.9K,€240.7K - €3.9M
Univision,2908792,1669919477,Entertainment,D-,€2.2K - €34.9K,€26.2K - €418.6K
The Slow Mo Guys,12190813,1667691706,Entertainment,B,€7.6K - €121.7K,€91.3K - €1.5M
????,3427368,1666132170,Music,A,€19.9K - €318K,€238.5K - €3.8M
EverythingApplePro,6998821,1663896892,Tech,B+,€8K - €127.3K,€95.5K - €1.5M
Epitaph Records,2241125,1662513543,Music,B+,€5.5K - €88.7K,€66.5K - €1.1M
Studio C,2097817,1659901709,Comedy,B+,€5.4K - €85.6K,€64.2K - €1M
Steve TV Show,3211592,1659441255,Entertainment,A-,€16.2K - €259.6K,€194.7K - €3.1M
YEAH1TV,2993764,1659019940,Entertainment,D-,€0 - €0,€0 - €0
Keyblade,4824478,1658770151,Music,B+,€4.4K - €70.6K,€52.9K - €846.9K
VitalyzdTv,9866787,1650746538,Entertainment,B,€0 - €0,€0 - €0
Young Thug,3425251,1650279153,Music,B+,€5.1K - €82.3K,€61.7K - €987.2K
MonLaferteVEVO,2446040,1649857141,Music,B+,€11.2K - €179.1K,€134.3K - €2.1M
Renato Garcia,12822637,1647250495,Entertainment,A,€16.4K - €262.3K,€196.7K - €3.1M
Nintendo,5324911,1647028374,Games,B+,€9.7K - €156K,€117K - €1.9M
Susi kids TV,2315569,1645012029,Entertainment,A,€37.3K - €596.5K,€447.4K - €7.2M
CoryxKenshin,3908714,1645006788,Games,A,€20.3K - €324.3K,€243.2K - €3.9M
Harlem Fetty,3093800,1644488920,Music,B,€2.8K - €44.1K,€33.1K - €529.1K
#Mind Warehouse,5672610,1642709337,Education,A-,€11.7K - €187.5K,€140.6K - €2.2M
sTaXxCraft,7271297,1635125348,Games,B+,€2.7K - €42.8K,€32.1K - €514K
SimoneSimariaVEVO,3848790,1635041126,Music,B+,€7.3K - €117K,€87.8K - €1.4M
BB Ki Vines,13017599,1632904409,Entertainment,B+,€16.3K - €261K,€195.7K - €3.1M
Jazzghost,7922481,1631571668,Games,B+,€10.3K - €164.2K,€123.1K - €2M
Olympic,3314074,1631389312,Sports,B+,€7.4K - €118.8K,€89.1K - €1.4M
clips mix,2577806,1629718894,Film,A,€20.4K - €326.1K,€244.6K - €3.9M
Kinder Spielzeug Kanal,4129100,1628863242,Entertainment,A,€36K - €576K,€432K - €6.9M
El Chavo del 8,2857652,1628688900,Comedy,B+,€6.2K - €99.2K,€74.4K - €1.2M
ON Ent,4489127,1624168997,Entertainment,A-,€13K - €208.2K,€156.2K - €2.5M
DrDreVEVO,3132205,1620909568,Music,B+,€5.5K - €87.7K,€65.8K - €1.1M
Fran MG,4151124,1617071394,Games,B+,€5K - €80.3K,€60.2K - €963.4K
RioromaVEVO,2436144,1614192123,Music,B+,€7.9K - €126.1K,€94.5K - €1.5M
Sungha Jung,5592708,1613821607,Music,B,€2.1K - €33.6K,€25.2K - €403.1K
Johny FamilyShow,5181709,1611260041,,A,€78.4K - €1.3M,€941.2K - €15.1M
AlNaharDrama,2958872,1608505689,Entertainment,A-,€11.4K - €182.5K,€136.8K - €2.2M
Sparkle Spice,2776789,1606462910,Entertainment,B+,€7.6K - €121.3K,€90.9K - €1.5M
Galo Frito,10313712,1602354448,Comedy,B+,€3.4K - €54.9K,€41.2K - €659.1K
Sony AATH,2958595,1600700463,Entertainment,A,€26.2K - €419.5K,€314.6K - €5M
The Alex Jones Channel,2431237,1600143609,News,B+,€3.9K - €62.1K,€46.6K - €745.2K
Rammstein Official,2764562,1598101909,Entertainment,A-,€11.3K - €180.5K,€135.4K - €2.2M
Zee Music Classic,4247310,1596874996,Music,A,€22.3K - €356.2K,€267.1K - €4.3M
WhatsUpMoms,2546453,1596138105,Entertainment,A-,€11.8K - €188.2K,€141.2K - €2.3M
Calon Sarjana,8252201,1595951455,Entertainment,A,€19.1K - €305.5K,€229.1K - €3.7M
FilmSelect Trailer,2979725,1594705391,Entertainment,A,€22.7K - €362.6K,€272K - €4.4M
MM7Games,3613862,1594684706,Games,B+,€3.9K - €62.1K,€46.6K - €745.4K
Illslick thelegandary,3157163,1592116609,Music,A-,€12.5K - €199.2K,€149.4K - €2.4M
Working with Lemons,3195263,1588258490,Entertainment,B+,€7.3K - €116.6K,€87.5K - €1.4M
Ninja Kidz TV,4289588,1586042757,,A,€26.1K - €417.2K,€312.9K - €5M
2NE1,4355135,1583008480,Music,B+,€2.7K - €42.6K,€31.9K - €511K
Muse,2631763,1582608149,Music,B+,€4.6K - €73.4K,€55K - €880.5K
Len Ken,2951153,1581974737,Entertainment,B+,€3K - €48.2K,€36.1K - €577.9K
Funketon,5929273,1580619413,Music,B+,€4.3K - €69.3K,€52K - €831.5K
dope2111,5702293,1576315574,Howto,B,€1.4K - €22.1K,€16.6K - €265.1K
Viki Show,4569588,1576183247,Entertainment,A,€9.3K - €149.5K,€112.1K - €1.8M
luisitorey,9036126,1575312771,Entertainment,B+,€3.5K - €56.5K,€42.3K - €677.5K
Vsauce,14276229,1574511081,Entertainment,B,€3K - €48K,€36K - €576.5K
CaliyElDandeeVEVO,2222839,1573520877,Music,B+,€8.5K - €136.6K,€102.4K - €1.6M
Jass Records,4923353,1572675817,Music,A,€30.7K - €491.4K,€368.5K - €5.9M
Fox News,2672871,1570881216,News,A,€19.3K - €309.3K,€232K - €3.7M
Niloya,2275117,1569734811,Film,B+,€9.4K - €150.9K,€113.2K - €1.8M
Nickelback,2468146,1567896625,Music,B+,€3.2K - €51K,€38.2K - €611.6K
Life Hacks & Experiments,4744184,1567048260,Entertainment,A-,€10.6K - €169.6K,€127.2K - €2M
fouseyTUBE,10481891,1566541469,Entertainment,B,€1.3K - €21.2K,€15.9K - €253.9K
Wave Music - Bhakti,4388093,1565909773,Music,A-,€13.8K - €221.3K,€166K - €2.7M
Sonotek Official,5120905,1564928790,,A-,€12.7K - €204K,€153K - €2.4M
grav3yardgirl,8686590,1564620381,Howto,B,€735 - €11.8K,€8.8K - €141.1K
AndrewSchrock,2441300,1564388820,People,A-,€13.8K - €220.2K,€165.2K - €2.6M
IMPACT Wrestling,2219802,1564196418,Sports,B+,€7.6K - €122.2K,€91.7K - €1.5M
????Channel,2183568,1563178604,Entertainment,B+,€6.2K - €99.5K,€74.6K - €1.2M
Cantando Aprendo a Hablar,2137146,1562784909,Education,B+,€5K - €80.1K,€60K - €960.8K
speedyw03,6447928,1562392824,Games,B,€396 - €6.3K,€4.8K - €76.1K
Dekja,3447845,1561150334,Autos,A-,€11.8K - €189.3K,€142K - €2.3M
HalseyVEVO,3117203,1560639275,Music,A-,€15.6K - €249.1K,€186.8K - €3M
Söz Dizi,2808643,1560350014,Film,A,€19.4K - €309.7K,€232.2K - €3.7M
ConCrafter | LUCA,3669694,1559752531,Entertainment,B+,€9.2K - €147K,€110.3K - €1.8M
2MTV,3393481,1559379791,Entertainment,A-,€12K - €192.4K,€144.3K - €2.3M
Ali Baba,4925977,1555173211,Film,A,€35.4K - €566.2K,€424.7K - €6.8M
Musas,12365821,1555159642,Howto,B+,€6.1K - €97.5K,€73.1K - €1.2M
DANIEL EL TRAVIESO VIDEOS,5084817,1554327838,Comedy,A,€25.4K - €407K,€305.2K - €4.9M
Vikkstar123,5571352,1551158176,Games,B+,€3.9K - €62.6K,€47K - €751.4K
MUEVA Records,4721592,1551153151,Music,B+,€8.3K - €132.7K,€99.6K - €1.6M
HollywoodLife,2571643,1543541524,Entertainment,B+,€7.4K - €118.2K,€88.6K - €1.4M
Discovery,3317429,1543457479,Entertainment,B+,€4K - €63.8K,€47.8K - €765.1K
ZENSE Entertainment,3199749,1543448023,Entertainment,A-,€15.1K - €241.9K,€181.4K - €2.9M
Wild 'N Out,4244873,1538488195,Entertainment,A,€19.1K - €306.2K,€229.6K - €3.7M
Cauet,3148753,1537518938,Entertainment,B,€2.5K - €40K,€30K - €480.5K
KinoCheck International,2062236,1536957959,Entertainment,A-,€12.1K - €194K,€145.5K - €2.3M
Tommy'sToys,6153327,1536598240,Entertainment,B+,€4.1K - €66.2K,€49.7K - €794.5K
Kids smile TV,4132102,1534513154,,A,€23.4K - €373.8K,€280.3K - €4.5M
HAR PAL GEO,3807882,1533106217,Entertainment,A,€20.9K - €334.8K,€251.1K - €4M
JeromeASF,5032592,1530722590,Games,B+,€2.9K - €46.2K,€34.7K - €554.4K
????? (??????),2275158,1529762421,Film,B,€2.4K - €38.6K,€29K - €463.4K
Sidharth TV,2761148,1526676970,Entertainment,A,€18.6K - €298.4K,€223.8K - €3.6M
blndsundoll4mj,4815392,1523358421,People,B+,€4.6K - €74.2K,€55.6K - €890.1K
BANDA MS,2833166,1522260734,Music,B,€2.8K - €45.2K,€33.9K - €542.1K
Ceylin - H Official,2566027,1520172493,Entertainment,A,€21K - €336.2K,€252.2K - €4M
WhenGamersFail ? Lyon,2130709,1520123649,Games,A,€19.3K - €308.6K,€231.4K - €3.7M
Cosculluela El Principe,4381919,1515785774,Music,B+,€5K - €80.1K,€60.1K - €961.6K
Trinity Optima Production,2211025,1515544502,Music,B+,€9.1K - €144.9K,€108.6K - €1.7M
The Daily Show with Trevor Noah,4553733,1514082647,Comedy,D-,€3.1K - €50.3K,€37.7K - €603.8K
Little Kelly Minecraft,2826767,1513998155,Entertainment,B+,€3.1K - €49K,€36.8K - €588.5K
FutParódias,6250006,1513566953,Sports,A-,€12.8K - €204.6K,€153.4K - €2.5M
ABS-CBN Star Music,2994781,1511858568,Music,B+,€6.2K - €99.6K,€74.7K - €1.2M
infobells,4578246,1508082871,Education,A,€23.1K - €369.1K,€276.8K - €4.4M
DjMaRiiO,5031778,1507928553,Games,B+,€7.3K - €116.8K,€87.6K - €1.4M
???,3239557,1506811241,People,B+,€10.8K - €172.5K,€129.4K - €2.1M
Amazing Kids Toys Review,5698662,1506748973,Entertainment,B+,€5K - €79.8K,€59.8K - €957.4K
JamesAVEVO,2463296,1506091589,Music,A-,€10.9K - €174.9K,€131.2K - €2.1M
dmc ?????,3835715,1502315695,Entertainment,A,€37.7K - €603.6K,€452.7K - €7.2M
Thinknoodles,4288098,1498809821,Games,B+,€7.7K - €122.9K,€92.2K - €1.5M
KittiesMama,2353033,1495759579,Howto,B,€561 - €9K,€6.7K - €107.7K
jeffreestar,13792620,1495145932,Howto,A,€20K - €320.4K,€240.3K - €3.8M
OWN,2964569,1491832197,Entertainment,B+,€8.4K - €134.4K,€100.8K - €1.6M
kellyclarksonVEVO,2084489,1491514354,Music,B+,€2.9K - €46.9K,€35.2K - €562.5K
Tibo InShape,5876089,1490128145,Sports,B+,€10.9K - €173.7K,€130.3K - €2.1M
Naiara Azevedo,4869908,1488725821,Music,A-,€8.3K - €133.5K,€100.1K - €1.6M
TechRax,6333089,1487914949,Tech,B,€1.1K - €17.4K,€13.1K - €209.3K
Alhayah Series TV,2914784,1487547572,Entertainment,A-,€12.1K - €193.7K,€145.3K - €2.3M
Tekashi 6ix9ine,7415806,1485815538,,A-,€17.8K - €285.1K,€213.8K - €3.4M
luzugames,8754719,1481939166,Games,B,€2.6K - €41K,€30.7K - €491.4K
Mimonona Stories,5266807,1481766931,Entertainment,A,€20.1K - €321K,€240.8K - €3.9M
Lucas Lucco,5585502,1481198099,Music,B+,€4.1K - €65.6K,€49.2K - €787.5K
Gordon Ramsay,8899908,1481059957,Entertainment,A,€16.1K - €257.3K,€193K - €3.1M
TXT,3255144,1479023296,People,B+,€9.4K - €150.8K,€113.1K - €1.8M
Vete a la Versh,9611116,1475640377,Games,B+,€5.7K - €90.7K,€68K - €1.1M
Bazylland,3079303,1474249075,Film,A-,€15.5K - €248K,€186K - €3M
TheScriptVEVO,2488166,1470619064,Music,B+,€3.8K - €60.7K,€45.5K - €728.7K
Zee Kannada,2456234,1470536970,Entertainment,A,€19.9K - €317.8K,€238.3K - €3.8M
MigosVEVO,1980927,1469093102,Music,A,€18.9K - €302.6K,€227K - €3.6M
RomanAtwood,10628230,1468051970,Entertainment,B,€484 - €7.8K,€5.8K - €93K
Desimpedidos,7037100,1467241292,Sports,B+,€5.5K - €88.4K,€66.3K - €1.1M
Jack Ü,2984266,1464868327,Music,B,€1.9K - €29.9K,€22.4K - €358.8K
DaveHax,4507913,1462326528,Howto,B+,€8.9K - €142K,€106.5K - €1.7M
442oons,2363999,1461162154,Sports,A-,€9.3K - €148.9K,€111.7K - €1.8M
MrRevillz,2840426,1459382489,Music,A-,€9.6K - €154.2K,€115.7K - €1.9M
Wylsacom,6973088,1457065817,Tech,B+,€8.2K - €130.4K,€97.8K - €1.6M
Her?ey Dahil,3405981,1456543706,Entertainment,B+,€8.6K - €137.1K,€102.8K - €1.6M
GNP Music,2844493,1456355065,Music,A-,€10.9K - €174.9K,€131.2K - €2.1M
ElChurches,5755982,1456113111,Games,B+,€8.1K - €130.1K,€97.5K - €1.6M
Trimurti,3834397,1455807353,Music,A,€17.1K - €273.8K,€205.4K - €3.3M
Music Al Haneen | ?????…,4113961,1455492168,Music,B+,€7.7K - €123K,€92.3K - €1.5M
YimYam TV,1967278,1454836269,Entertainment,A,€32.2K - €515.5K,€386.6K - €6.2M
Kyoot,2924927,1454428803,Comedy,A-,€8.6K - €137.6K,€103.2K - €1.7M
I AM WILDCAT,6802777,1454090893,Games,B+,€7.6K - €121.7K,€91.3K - €1.5M
ANTV - Truy?n hình Công an…,2080596,1453670248,News,A-,€10.3K - €164K,€123K - €2M
TocToc Toys,5965862,1452693156,Education,A+,€101.5K - €1.6M,€1.2M - €19.5M
Capital FM,3104583,1450213547,Music,B+,€8.5K - €135.3K,€101.4K - €1.6M
Kaykai Salaider,9094574,1449700079,Entertainment,A,€17.2K - €275.1K,€206.3K - €3.3M
Lime Tube[????],2008022,1449428038,Entertainment,A-,€3.7K - €59K,€44.2K - €707.4K
LordeVEVO,3648171,1447756476,Music,B,€2.1K - €34.4K,€25.8K - €412.8K
Zing MP3,2294805,1445423320,Music,B+,€3.6K - €57.6K,€43.2K - €690.9K
Calle13VEVO,2306378,1445259737,Music,B+,€5.1K - €81.7K,€61.3K - €980.5K
tlc uk,2565090,1443678276,Entertainment,A,€22.6K - €361.5K,€271.1K - €4.3M
???? ??????? ?? 5…,6177407,1441681409,,A,€24.1K - €385.7K,€289.3K - €4.6M
OfficialGucciMane,3110475,1440349774,Music,B+,€9.9K - €159.2K,€119.4K - €1.9M
Basim Karbalaei / ????…,4660342,1440098779,People,B+,€7.5K - €120.4K,€90.3K - €1.4M
XpressTV,10015988,1439331869,Entertainment,B+,€8.7K - €139.5K,€104.7K - €1.7M
RedHatter,2263938,1438375947,Games,B+,€6.7K - €107.2K,€80.4K - €1.3M
Lovely Kids Thailand,3074115,1435688169,People,A-,€11.3K - €181.4K,€136.1K - €2.2M
TRT Çocuk,2186257,1435319573,Entertainment,A,€19.2K - €307.5K,€230.6K - €3.7M
iGAMING TV,3639954,1434766341,Games,A,€30K - €479.2K,€359.4K - €5.8M
Fun Factory,2116846,1434061797,Entertainment,B,€796 - €12.7K,€9.5K - €152.8K
Colleen Ballinger,8418400,1432508440,Entertainment,B+,€4.4K - €69.7K,€52.3K - €836K
Chad Wild Clay,6844948,1431123716,Entertainment,A,€24.5K - €392.1K,€294.1K - €4.7M
StromaeVEVO,2771196,1428528116,Music,B+,€4.2K - €66.5K,€49.9K - €798K
AdMe.ru - ???? ?…,7859007,1428029704,Entertainment,A,€14.6K - €232.8K,€174.6K - €2.8M
Mac Miller,2292017,1426370292,Music,B+,€6.9K - €110.8K,€83.1K - €1.3M
Shoof Drama | ??? ?????,2840815,1424755088,People,A,€23.2K - €371.9K,€279K - €4.5M
ToveLoVEVO,2327213,1422327019,Music,B,€2.7K - €43.8K,€32.8K - €525.3K
21 Savage,5446863,1420272984,Music,B+,€9.6K - €152.9K,€114.7K - €1.8M
SonicToy????,2924088,1420023875,Entertainment,A-,€13K - €208.2K,€156.1K - €2.5M
Talking Angela,7089988,1418692673,Entertainment,A,€20.1K - €322.2K,€241.6K - €3.9M
LaSalle,2976753,1417581808,Games,B+,€4.8K - €77K,€57.7K - €923.8K
keshaVEVO,2791441,1415885241,Music,B,€2.2K - €34.6K,€25.9K - €414.8K
atiempopreescolar,2000993,1415524142,Music,B+,€7.1K - €114.2K,€85.7K - €1.4M
Mobile MOBA Vi?t,3594684,1413739918,Games,B+,€9.1K - €145.6K,€109.2K - €1.7M
HelloMaphie,7532909,1409867989,Howto,A,€40.7K - €650.5K,€487.9K - €7.8M
Videogyan Kids Shows - Cartoon…,3013766,1408916858,Film,A-,€13.6K - €217.6K,€163.2K - €2.6M
Toymong tv ???TV,3181576,1408254936,Entertainment,A-,€16.6K - €266.2K,€199.6K - €3.2M
RT en Español,2309816,1407185047,News,B+,€10.7K - €170.7K,€128K - €2M
Home Bollywud,3877266,1403638559,Entertainment,A,€16.5K - €264.1K,€198.1K - €3.2M
YouAlwaysWin,2731492,1401774734,Games,B,€1.5K - €24.5K,€18.4K - €293.7K
iPantellas,4235146,1398982714,Entertainment,B+,€11.7K - €187.1K,€140.3K - €2.2M
Taz Network,2578242,1397245929,Music,A-,€12.5K - €200.1K,€150.1K - €2.4M
Invento na Hora,9349291,1396574570,Entertainment,B+,€5.8K - €92.6K,€69.4K - €1.1M
IDEAS EN 5 MINUTOS,8546263,1396401214,,A,€18.5K - €296.2K,€222.1K - €3.6M
jvnq,4939165,1396348977,Games,B+,€8.2K - €130.6K,€97.9K - €1.6M
BigSeanVEVO,2797387,1392918394,Music,B,€1.9K - €31.1K,€23.3K - €373.6K
Jesus Adrian Romero,3316550,1392141913,Music,B+,€5K - €79.2K,€59.4K - €950.6K
Hillsong Worship,3788387,1391379594,Music,A-,€13.5K - €215.5K,€161.7K - €2.6M
KOCOWA TV,2930491,1390794659,Entertainment,A,€32.2K - €515.7K,€386.8K - €6.2M
BRKsEDU,7648364,1390733972,Games,B+,€3.6K - €58.3K,€43.7K - €700K
HeHaa TV,3520690,1388718427,Entertainment,A,€17.3K - €277.1K,€207.9K - €3.3M
gameranx,4841503,1385363491,Games,B+,€7K - €111.3K,€83.5K - €1.3M
TmarTn2,3715867,1385301215,Games,B+,€4.5K - €72.3K,€54.3K - €868.1K
Tobuscus,6255345,1382159165,Entertainment,B,€560 - €9K,€6.7K - €107.5K
?? TV,3099274,1381923404,Entertainment,B+,€9.7K - €154.7K,€116.1K - €1.9M
Brytiago Cartel Records,3364356,1378783571,Music,A,€21.2K - €338.8K,€254.1K - €4.1M
Kiddiestv Hindi,4055377,1378160809,,A,€29.1K - €465.4K,€349K - €5.6M
FUNTASTIC TV - Kids Songs and…,2117891,1376607058,Education,B+,€5.8K - €93.5K,€70.1K - €1.1M
Hong Giang DIY Slime,5013464,1374823950,Games,A-,€16K - €256.5K,€192.4K - €3.1M
MikePosnerVEVO,1952835,1372687816,Music,B+,€3.6K - €57.9K,€43.5K - €695.3K
Wengie,13408655,1371356460,Howto,B+,€5.9K - €93.8K,€70.4K - €1.1M
Disney Studios LA,2170490,1370911086,Film,B+,€3.8K - €60.8K,€45.6K - €729.2K
Bollywood Babes,2013708,1368810350,Entertainment,A-,€10.2K - €162.8K,€122.1K - €2M
Official Arctic Monkeys,3877707,1367810513,Music,B+,€4.7K - €74.5K,€55.9K - €894.5K
Cracks,4121597,1366606132,Sports,A-,€10.8K - €173K,€129.8K - €2.1M
TED,13124227,1362658314,Tech,B+,€6.5K - €103.5K,€77.6K - €1.2M
Jkk Entertainment,6265578,1360697450,Comedy,A,€48K - €768.6K,€576.5K - €9.2M
Life with Brothers,4276816,1359180632,Entertainment,A-,€16.4K - €263.1K,€197.3K - €3.2M
T-Series Telugu,2412290,1355892656,Music,A-,€12.6K - €201K,€150.7K - €2.4M
Sumeet Music,2593577,1355279887,Entertainment,A-,€14.9K - €238.2K,€178.6K - €2.9M
The X Factor USA,4442573,1353881692,Entertainment,B,€1.6K - €25K,€18.7K - €299.7K
